,Compounds
0,Spermidine
1,L-lysine
2,Pipecolate
3,D-ornithine
4,"Nepsilon,nepsilon,nepsilon-trimethyllysine"
5,Choline
6,L-histidine
7,L-arginine
8,1-methylnicotinamide
9,Guanidinoacetate
10,alanine
11,1-methyl-L-histidine
12,Betaine
13,L-allo-threonine
14,DL-carnitine
15,L-glutamine
16,Creatinine
17,N-alpha-acetyl-L-asparagine
18,Creatine
19,"LL-2,6-diaminoheptanedioate"
20,Acetylcholine
21,Prolinamide
22,L-proline
23,Methylimidazoleacetic acid
24,DL-stachydrine
25,N-acetylornithine
26,5-oxo-D-proline
27,N2-acetyl-L-lysine
28,Leucine
29,O-acetylcarnitine
30,Prolylleucine
31,L(-)-carnitine
32,N-acetyl-L-cysteine
33,Valine
34,Valylproline
35,Adipate
36,3-[(4-methylpyrimidin-2-yl)thio]-1-phenylprop-2-en-1-one
37,N-acetyl-L-alanine
38,Ethylenediaminetetraacetic acid (EDTA)
39,4-guanidinobutyric acid
40,D-(+)-proline
41,1-aminocyclohexanecarboxylic acid
42,Dihydrobiopterin
43,Pyrrole-2-carboxylic acid
44,Uric acid
45,Methionine sulfoxide
46,L-methionine
47,Acetoacetate
48,Nicotinamide
49,Hypoxanthine
50,N-methyl-L-glutamate
51,L-tyrosine
52,Pyroglutamate
53,2-hydroxycinnamic acid
54,Ofloxacin impurity a
55,Uracil
56,D-alanine
57,L-norleucine
58,4-hydroxybutyric acid (GHB)
59,Cotinine
60,Cytosine
61,L-isoleucine
62,Dihydrothymine
63,Propionylcarnitine
64,Adenosine
65,Glutarylcarnitine
66,Guanine
67,L-5-hydroxytryptophan
68,Docosahexaenoic acid methyl ester
69,Nervonic acid methyl ester
70,Methyl-2-aminobenzoate
71,Docosapentaenoic acid methyl ester
72,Methanandamide
73,Methyl palmitate
74,Cis-12-octadecenoic acid methyl ester
75,Alpha-tocopherol
76,Cholecalciferol
77,Cholest-4-en-3-one
78,Alpha-tocopherol
79,Palmitoyl sphingomyelin
80,dipalmitoylphosphatidylcholine
81,C-8 ceramide-1-phosphate
82,Indole-3-acetamide
83,4-pyridoxate
84,Inosine
85,3-methoxytyrosine
86,3-methylglutaric acid
87,Tetramethylene sulfoxide
88,6-aminonicotinic acid
89,7-methylxanthine
90,1-methyluric acid
91,Isoxanthopterin
92,Pyrrole-2-carboxylate
93,4-methyl-5-thiazoleethanol
94,Tyrosylalanine
95,1-methylguanine
96,Ophthalmic acid
97,Nipecotic acid
98,5-hydroxyindoleacetate
99,8-hydroxyquinoline
100,5-valerolactone
101,L-kynurenine
102,3-methylxanthine
103,2-{2-[5-(ethoxycarbonyl)-2-morpholinoanilino]-2-oxoethoxy}acetic acid
104,6-methyl-2-pyridinemethanol
105,4-imidazoleacetic acid
106,2'-O-methylguanosine
107,3-methoxytyramine
108,2-aminooctanedioic acid
109,L-phenylalanine
110,Ecgonine
111,Biotin
112,Pyridoxamine
113,3-hydroxy-5-(hydroxymethyl)-2-methylisonicotinaldehyde oxime
114,1-methyladenosine
115,Isovanillic acid
116,4-acetamidobutanoate
117,5-aminonicotinic acid
118,Indole-3-acetyl-L-aspartic acid
119,Perillartine
120,Hypoglycin a
121,Cathine
122,4-hydroxyindole
123,Theobromine
124,Ornithine
125,Glycyl-L-leucine
126,N-acetylproline
127,Noradrenaline
128,Pantothenic acid
129,Phosphocholine
130,Phloroglucinol
131,N-acetyltyramine
132,Sulfamethoxazole hydroxylamine
133,Tert-butyl N-[1-(aminocarbonyl)-3-methylbutyl]carbamate
134,Cytidine 5'-monophosphate
135,4-coumaric acid
136,Diacetyl
137,Minocycline
138,Pyridoxine
139,Indole
140,6-methylquinoline
141,4-indolecarbaldehyde
142,DL-tryptophan
143,Indole-3-acrylic acid
144,L-tryptophan
145,Homogentisate
146,Trimethoprim impurity c
147,4-aminobenzoate
148,2-hydroxyhippuric acid
149,3-methoxybenzaldehyde
150,Paraxanthine
151,Isobutyraldehyde
152,Coumarin
153,Sulfisoxazole
154,2-oxindole
155,2-{2-oxo-2-[4-(1H-pyrroL-1-yl)piperidino]ethoxy}acetic acid
156,5'-methylthioadenosine
157,N-acetyl-L-tyrosine
158,Nicotinuric acid
159,Theophylline
160,aspartylphenylalanine
161,Leucylproline
162,Caprolactam
163,2-methoxyresorcinol
164,Aniline-2-sulfonate
165,2-(1-adamantylcarbonyl)hydrazine-1-carbothioamide
166,Isoferulic acid
167,Ofloxacin methyl ester
168,Xanthurenic acid
169,N-acetyldopamine
170,Nadoxolol
171,7-(-hydroxyethyl)theophylline
172,Salsolinol
173,N-acetylhistamine
174,Sinapine
175,Trans-3-hydroxycotinine
176,4-hydroxybenzoate
177,Syringic acid
178,4-methylumbelliferyl glucuronide
179,2-quinolinecarboxylic acid
180,4-hydroxy-2-quinolinecarboxylic acid
181,2-aminobenzothiazole
182,N-acetyl-L-phenylalanine
183,Hippurate
184,Allyl 2-(1H-benzimidazoL-2-yl)-2-cyano-n-phenylethanimidothioate
185,Methyl 3-(isonicotinoylamino)-4-methylbenzoate
186,Ethyl 4-(2-methoxyphenyl)piperazine-1-carboxylate
187,D-tryptophan
188,4-hydroxyphenylacetic acid
189,L(+)-ornithine
190,Galactose 1-phosphate
191,4-oxo-4-[(3-oxo-2-decanyl)amino]butanoic acid
192,Pipecolic acid
193,Ofloxacin impurity e
194,N-acetyl-L-leucine
195,2-methyl-5-propionylfuran
196,Caffeine
197,L-pyroglutamic acid
198,N-phenylacetylglutamine
199,4-hydroxybenzaldehyde
200,N-benzylformamide
201,N-acetylmethionine
202,Methyl picolinate
203,Trans-3-hexenoic acid
204,Cytidine 5'-monophosphate (hydrate)
205,Pyridoxal
206,Esculetin
207,Piperonylonitrile
208,Cysteinylglycine
209,4-{[(3-methyl-2-thienyl)methyl]amino}-4-oxobutanoic acid
210,Methyl 2-cyano-3-(dimethylamino)acrylate
211,Indole-3-ethanol
212,Ferulate
213,Scopoletin
214,3-[1-(2-carboxyethyl)-1H-benzo[d]imidazol-2-yl]propanoic acid
215,L-dopa
216,17-ethynylestradiol
217,Methyl N-(4-methoxyphenyl)-[3-(trifluoromethyl)anilino]methanimidothioate
218,Phenylacetylglycine
219,Scoparone
220,Myristicin
221,Trans-anethole
222,2-amino-4-cresol
223,Anthranilic acid
224,Resorcinol monoacetate
225,D-(+)-camphor
226,5-methyl-N-(pyridin-3-ylmethyl)isoxazol-3-amine
227,Sulfamethoxazole
228,Sinapinic acid
229,Fenethylline
230,4-anisic acid
231,Kojic acid
232,Salicylic acid
233,Norfentanyl
234,alpha-hydroxyhippuric acid
235,Retrorsine
236,L-glutamic acid
237,Quinoline
238,N-methylcaprolactam
239,Indole-3-acetate
240,Lidocaine N-oxide
241,Methylhippuric acid
242,Glycine anhydride
243,Formyl-L-methionyl peptide
244,Ethyl malonate
245,Dimethyl succinate
246,4-coumarate
247,Hexanoylcarnitine
248,Arecoline
249,N-acetyl-DL-tryptophan
250,Laudanosine
251,N-(2-morpholinophenyl)-N'-phenylurea
252,Quercetin-3-D-glucoside
253,DL-aminocaprylic acid
254,Kynurenic acid
255,Epinephrine
256,6-phenoxynicotinic acid
257,Sitagliptin
258,4-hydroxy-2-methylbenzoic acid
259,Violacerol II
260,Cyclo(leucylprolyl)
261,D-cysteine
262,Proline
263,Trans-cinnamate
264,Ethyl-2-amino-1-cyclohexene-1-carboxylate
265,N2-phenyl-3-methylbenzo[b]thiophene-2-carbothioamide
266,8-hydroxymirtazapine
267,Isoliquiritigenin
268,Indole-3-lactic acid
269,Aloe-emodin
270,Cantharidin
271,Noscapine
272,Veratrole
273,N-acetyl-D-tryptophan
274,Amisulpride N-oxide
275,4-methoxybenzaldehyde
276,4-(benzyloxy)-N'-hydroxybenzenecarboximidamide
277,6-methylbenzoxazole
278,4-ethynylaniline
279,5-methoxyindoleacetic acid
280,Pilocarpine
281,Ferulic acid
282,Ethyl 2-cyano-2-[2-(3-phenyl-1h-pyrazoL-5-yl)hydrazono]acetate
283,2-hydroxyphenylalanine
284,Cynaroside
285,5-methoxyindole
286,Azelaic acid
287,Isorhamnetin
288,Trans-3-indoleacrylic acid
289,Nictoflorin
290,4-methoxysalicylic acid
291,Cyclo(phenylalanyl-prolyl)
292,Melatonin
293,KaempferoL-7-O-glucoside
294,Ambroxol
295,7-hydroxy-3-[4-hydroxy-3-(3-methyl-2-buten-1-yl)phenyl]-8-(3-methyl-2-buten-1-yl)-4h-chromen-4-one
296,1-phenylethanol
297,Isoquinoline
298,Indole-3-acetic acid
299,1-ethoxynaphthalene
300,Naringenin
301,4-dimethylaminocinnamaldehyde
302,2-amino-3-methoxybenzoic acid
303,Indole-3-acetaldehyde
304,4-hydroxy-6-methyl-2-pyrone
305,4-ethoxybenzaldehyde
306,4-propylbenzoic acid
307,5-methoxysalicylic acid
308,Tropinone
309,Methylparaben
310,Afzelin
311,3-methyl-2-quinoxalinol
312,Chrysin
313,7-aminonimetazepam
314,Phloretin
315,Hesperetin
316,Genistein
317,Heptanophenone
318,N-oleoyl dopamine
319,N'-cyano-N-[2-(trifluoromethyl)phenyl]pyrrolidine-1-carboximidamide
320,N-acetylserotonin
321,Mearnsitrin
322,2-(propylthio)nicotinic acid
323,3-succinoylpyridine
324,Ethyl 3-cyano-6-methyl-2-({2-[(2-thienylcarbonyl)amino]phenyl}thio)isonicotinate
325,Matairesinol
326,Isorhapontigenin
327,4-hydroxycoumarin
328,4-phenyl-3-buten-2-one
329,Quercetin
330,Sulfamerazine
331,Columbianetin
332,N1-[2-({[3-chloro-5-(trifluoromethyl)-2-pyridyl]methyl}thio)ethyl]benzamide
333,6-hydroxymelatonin
334,Apocynin
335,Valsartan metabolite
336,Fisetin
337,6-hydroxycortisol
338,2-mercaptobenzothiazole
339,1-naphthol
340,Methysticin
341,Norlichexanthone
342,Taxifolin
343,Dehydroepiandrosterone (DHEA)
344,Omeprazole sulphone
345,3-tert-butyladipic acid
346,3-hydroxyphenylacetate
347,4-methoxycinnamaldehyde
348,3-(4-methylbenzoyl)acrylic acid
349,Vindoline
350,Pulegone
351,Rivaroxaban
352,Hispidulin
353,Indole-3-methyl acetate
354,Aflatoxin G2
355,6-hydroxycaproic acid
356,DL-metanephrine
357,Pinocembrin
358,Nootkatone
359,Sakuranetin
360,4-ethylbenzaldehyde
361,Melicopidine
362,Trans-cinnamaldehyde
363,4-methoxycinnamic acid
364,Sorbicillin
365,Coenzyme Q1
366,Piperanine
367,Indole-3-butyric acid
368,Cortisone
369,Genistein 4'-O-glucuronide
370,6-O-methylscutellarin
371,Methyldienolone
372,Isophorone
373,Sebacic acid
374,Piceatannol
375,Desoxycortone
376,11-hydroxy-17-methyltestosterone
377,beta-asarone
378,L-aspartic acid beta-benzyl ester
379,Phenyl acetate
380,Cortisol
381,(-)-caryophyllene oxide
382,Baicalin
383,3-(benzylamino)-5-(4-chlorophenyl)cyclohex-2-en-1-one
384,Tetrahydrocortisone
385,delta9-THC
386,3-{4-[(4-fluorophenyl)sulfonyl]piperazino}-4H-chromen-4-one
387,Daidzein
388,Epitestosterone glucuronide
389,Methyl jasmonate
390,10-HDA
391,4'-methoxyacetophenone
392,12-aminododecanoic acid
393,Salicylate
394,Decanamide
395,Coumestrol
396,Kaempferol
397,Carvone
398,Dehydrocholic acid
399,9-nitrooleate
400,5-dihydrotestosterone
401,Decanoylcarnitine
402,4-phenylbutyric acid
403,Wogonin
404,Isokaempferide
405,Scrophulein
406,Sulfamethazine
407,Acetophenone
408,Valerophenone
409,Cannabidiolic acid
410,4'-hydroxydiclofenac
411,Nordiazepam
412,Emodin
413,Levothyroxine
414,Triphenylphosphine oxide
415,Geranyl pyrophosphate
416,Bilirubin
417,3-dehydroshikimate
418,Schisandrin
419,Phenylacetic acid
420,Dihydromethysticin
421,Benzyl alcohol
422,Butyl butyrate
423,Sulcatol
424,Testosterone
425,(-)-camphor
426,4-chlorobenzophenone
427,Progesterone
428,(+/-)-c75
429,17-hydroxyprogesterone
430,N-[3-(aminosulfonyl)phenyl]-2-phenoxynicotinamide
431,Piperine
432,Shogaol
433,Bialaphos
434,Coenzyme Q2
435,Lauroylcarnitine
436,Ingenol-3-angelate
437,Corticosterone
438,Psilocybin
439,Jasmonic acid
440,Ethyl 3-[2-(diphenylmethylidene)hydrazino]but-2-enoate
441,Cuminaldehyde
442,Betulin
443,18-beta-glycyrrhetinic acid
444,Deoxyuridine
445,Glycocholate
446,Pregnenolone
447,alpha-pinene-2-oxide
448,Sedanolide
449,Taurocholic acid
450,Senkyunolide h
451,Methyl 4-(aminocarbonyl)-n-cyanotetrahydropyridine-1(2H)-carbimidothioate
452,4-(methylthio) aniline
453,Manidipine
454,D-sphingosine
455,Glycochenodeoxycholate
456,Cholate
457,Epitestosterone
458,Lopinavir
459,Tofa
460,Prostaglandin B1
461,Diosgenin
462,Artemisinin
463,7-hydroxytestosterone
464,7-hydroxycoumarine
465,Caffeic acid
466,Monobutyl phthalate
467,Gamma-linolenic acid
468,Kahweol
469,Palmitoylcarnitine
470,Lagochilin
471,N-[2-(trifluoromethyl)phenyl]pyrrolidine-1-carbothioamide
472,Cafestol
473,19-nortestosterone
474,Tris(2-butoxyethyl) phosphate
475,Trans-aconitic acid
476,Deoxycholate
477,Docosahexaenoic acid ethyl ester
478,Retinoate
479,alpha-linolenic acid
480,Deoxycorticosterone acetate
481,(9cis)-retinal
482,Eicosapentaenoic acid
483,5-hydroxy-3-(hydroxymethyl)-6-isopropyl-2-oxo-3-cyclohexen-1-yl 3-methylpentanoate
484,Monoolein
485,Zerumbone
486,(+/-)12(13)-DiHOME
487,D-erythro-sphingosine 1-phosphate
488,Palmitelaidic acid methyl ester
489,Ethyl palmitoleate
490,Arachidonic acid methyl ester
491,Tetranor-12(S)-HETE
492,Caprylic acid (octanoic acid)
493,Methyl 2-hydroxy-4-{3-[(4-oxo-3-phenyl-4h-chromen-7-yl)oxy]propoxy}-3-propylbenzoate
494,Anacardic acid
495,Rac-glycerol 1-myristate
496,Isotretinoin
497,2-trans-hexadecenoic acid
498,3-methyl-2-oxindole
499,Muscone
500,Ethyl oleate
501,Glycerophospho-N-palmitoyl ethanolamine
502,Terpestacin
503,2-arachidonoyl glycerol
504,1-linoleoyl glycerol
505,alpha-eleostearic acid
506,Palmitoleic acid
507,Docosahexaenoic acid
508,Arachidonic acid
509,1-oleoyl-rac-glycerol
510,Docosapentaenoic acid
511,Eicosapentaenoic acid methyl ester
512,Citral
513,3-acetyl-11-keto-beta-boswellic acid
514,Oleate
