,Unnamed: 0,Query,Match,HMDB,PubChem,ChEBI,KEGG,METLIN,SMILES,Comment
0,0,S-1-pyrroline-5-carboxylate,,,,,,,,0
1,1,spermidine,Spermidine,HMDB0001257,1102,16610,C00315,254,NCCCCNCCCN,1
2,2,1-methylnicotinamide,1-Methylnicotinamide,HMDB0000699,457,16797,C02918,5667,C[N+]1=CC=CC(=C1)C(N)=O,1
3,3,"12,13-DiHOME","12,13-DHOME",HMDB0004705,10236635,72665,C14829,,CCCCCC(C(C/C=C\CCCCCCCC(=O)O)O)O,1
4,4,alpha-ketoglutarate,Oxoglutaric acid,HMDB0000208,51,30915,C00026,5218,OC(=O)CCC(=O)C(O)=O,1
5,5,kynurenate,Kynurenic acid,HMDB0000715,3845,18344,C01717,5683,OC(=O)C1=CC(=O)C2=CC=CC=C2N1,1
6,6,3-hydroxyisobutyrate,(S)-3-Hydroxyisobutyric acid,HMDB0000023,440873,37373,C06001,483,C[C@@H](CO)C(O)=O,1
7,7,3-hydroxy-3-methylglutarate,3-Hydroxymethylglutaric acid,HMDB0000355,1662,16831,C03761,5344,CC(CC(=O)O)(CC(=O)O)O,1
8,8,homovanillate (HVA),,,,,,,,0
9,9,3-phosphoglycerate,3-Phosphoglyceric acid,HMDB0000807,724,17050,C00597,150,OC(COP(O)(O)=O)C(O)=O,1
10,10,cholate,Cholic acid,HMDB0000619,221493,16359,C00695,206,C[C@H](CCC(=O)O)[C@H]1CC[C@@H]2[C@@]1([C@H](C[C@H]3[C@H]2[C@@H](C[C@H]4[C@@]3(CC[C@H](C4)O)C)O)O)C,1
11,11,4-hydroxyphenylacetate,p-Hydroxyphenylacetic acid,HMDB0000020,127,18101,C00642,130,OC(=O)CC1=CC=C(O)C=C1,1
12,12,"5,6-dihydrothymine",Dihydrothymine,HMDB0000079,93556,27468,C00906,5135,CC1CNC(=O)NC1=O,1
13,13,hypoxanthine,Hypoxanthine,HMDB0000157,790,17368,C00262,83,OC1=NC=NC2=C1NC=N2,1
14,14,"9,10-DiHOME","9,10-DHOME",HMDB0004704,9966640,72663,C14828,,CCCCC/C=C\CC(C(CCCCCCCC(=O)O)O)O,1
15,15,linoleate (18:2n6),,,,,,,,0
16,16,laurate (12:0),,,,,,,,0
17,17,quinolinate,Quinolinic acid,HMDB0000232,1066,16675,C03722,330,OC(=O)C1=CC=CN=C1C(O)=O,1
18,18,"N6,N6,N6-trimethyllysine",,,,,,,,0
19,19,N-acetylputrescine,N-Acetylputrescine,HMDB0002064,122356,17768,C02714,3252,CC(=O)NCCCCN,1
20,20,N-formylmethionine,,,,,,,,0
21,21,S-adenosylhomocysteine (SAH),,,,,,,,0
22,22,"adenosine 3',5'-cyclic monophosphate (cAMP)",,,,,,,,0
23,23,adenosine 5'-monophosphate (AMP),,,,,,,,0
24,24,5-methylthioadenosine (MTA),,,,,,,,0
25,25,arachidonate (20:4n6),,,,,,,,0
26,26,arginine,L-Arginine,HMDB0000517,6322,16467,C00062,5502,N[C@@H](CCCNC(N)=N)C(O)=O,1
27,27,aspartate,L-Aspartic acid,HMDB0000191,5960,17053,C00049,5206,N[C@@H](CC(O)=O)C(O)=O,1
28,28,2-hydroxyphenylacetate,Ortho-Hydroxyphenylacetic acid,HMDB0000669,11970,28478,C05852,5639,OC(=O)CC1=C(O)C=CC=C1,1
29,29,3-(4-hydroxyphenyl)lactate,Hydroxyphenyllactic acid,HMDB0000755,9378,17385,C03672,5723,OC(CC1=CC=C(O)C=C1)C(O)=O,1
30,30,phenylpyruvate,Phenylpyruvic acid,HMDB0000205,997,30851,C00166,328,OC(=O)C(=O)CC1=CC=CC=C1,1
31,31,beta-alanine,beta-Alanine,HMDB0000056,239,16958,C00099,5119,NCCC(O)=O,1
32,32,biliverdin,Biliverdin,HMDB0001008,5353439,17033,C00500,5938,CC1=C(C=C)\C(NC1=O)=C\C1=C(C)C(CCC(O)=O)=C(N1)\C=C1/N=C(/C=C2\NC(=O)C(C=C)=C2C)C(C)=C1CCC(O)=O,1
33,33,succinate,Succinic acid,HMDB0000254,1110,15741,C00042,114,O=C(O)CCC(=O)O,1
34,34,3-hydroxybutyrate (BHBA),,,,,,,,0
35,35,cholesterol,Cholesterol,HMDB0000067,5997,1307929,C00187,163,C[C@H](CCCC(C)C)[C@H]1CC[C@@H]2[C@@]1(CC[C@H]3[C@H]2CC=C4[C@@]3(CCC(C4)O)C)C,1
36,36,choline phosphate,Phosphorylcholine,HMDB0001565,1014,18132,C00588,6326,C[N+](C)(C)CCOP(O)(O)=O,1
37,37,corticosterone,Corticosterone,HMDB0001547,5753,16827,C02140,6314,C[C@]12CCC(=O)C=C1CC[C@@H]3[C@@H]2[C@H](C[C@]4([C@H]3CC[C@@H]4C(=O)CO)C)O,1
38,38,cortisone,Cortisone,HMDB0002802,225609,16962,C00762,271,C[C@]12CCC(=O)C=C1CC[C@@H]3[C@@H]2C(=O)C[C@]4([C@H]3CC[C@@]4(C(=O)CO)O)C,1
39,39,creatinine,Creatinine,HMDB0000562,588,16737,C00791,8,CN1CC(=O)NC1=N,1
40,40,cysteinylglycine,Cysteinylglycine,HMDB0000078,439498,4047,C01419,5134,N[C@@H](CS)C(=O)NCC(O)=O,1
41,41,cystine,L-Cystine,HMDB0000192,67678,16283,C00491,5207,N[C@@H](CSSC[C@H](N)C(O)=O)C(O)=O,1
42,42,sphingosine,Sphingosine,HMDB0000252,5353955,16393,C00319,392,CCCCCCCCCCCCC/C=C/C(C(CO)N)O,1
43,43,deoxycholate,Deoxycholic acid,HMDB0000626,222528,28834,C04483,265,C[C@H](CCC(=O)O)[C@H]1CC[C@@H]2[C@@]1([C@H](C[C@H]3[C@H]2CC[C@H]4[C@@]3(CC[C@H](C4)O)C)O)C,1
44,44,cystathionine,L-Cystathionine,HMDB0000099,439258,17482,C02291,39,N[C@@H](CCSC[C@H](N)C(O)=O)C(O)=O,1
45,45,sphinganine,Sphinganine,HMDB0000269,91486,16566,C00836,5268,CCCCCCCCCCCCCCC[C@H]([C@H](CO)N)O,1
46,46,flavin adenine dinucleotide (FAD),,,,,,,,0
47,47,fumarate,Fumaric acid,HMDB0000134,444972,18012,C00122,3242,OC(=O)\C=C\C(O)=O,1
48,48,gamma-glutamylglutamate,gamma-Glutamylglutamic acid,HMDB0011737,92865,73705,C05282,,C(CC(=O)N[C@@H](CCC(=O)O)C(=O)O)[C@@H](C(=O)O)N,1
49,49,gluconate,Gluconic acid,HMDB0000625,10690,33198,C00257,345,OC[C@@H](O)[C@@H](O)[C@H](O)[C@@H](O)C(O)=O,1
50,50,glutarate (C5-DC),,,,,,,,0
51,51,glycine,Glycine,HMDB0000123,750,15428,C00037,20,NCC(O)=O,1
52,52,glycocholate,Glycocholic acid,HMDB0000138,23617285,29746,C01921,5169,C[C@H](CCC(=O)NCC(=O)O)[C@H]1CC[C@@H]2[C@@]1([C@H](C[C@H]3[C@H]2[C@@H](CC4[C@@]3(CC[C@H](C4)O)C)O)O)C,1
53,53,guanidinoacetate,Guanidoacetic acid,HMDB0000128,763,16344,C00581,5163,NC(=N)NCC(O)=O,1
54,54,histidine,L-Histidine,HMDB0000177,6274,15971,C00135,21,N[C@@H](CC1=CN=CN1)C(O)=O,1
55,55,cortisol,Cortisol,HMDB0000063,657311,,C00735,5124,C[C@]12CCC(=O)C=C1CC[C@@H]3[C@@H]2[C@H](C[C@]4([C@H]3CC[C@]4(C(=O)CO)O)C)O,1
56,56,hypotaurine,Hypotaurine,HMDB0000965,107812,16668,C00519,281,NCCS(O)=O,1
57,57,inosine,Inosine,HMDB0000195,6021,17596,C00294,84,OC[C@H]1O[C@H]([C@H](O)[C@@H]1O)N1C=NC2=C(O)N=CN=C12,1
58,58,myo-inositol,myo-Inositol,HMDB0000211,,17268,C00137,5221,O[C@H]1[C@H](O)[C@@H](O)[C@H](O)[C@H](O)[C@@H]1O,1
59,59,isoleucine,L-Isoleucine,HMDB0000172,6306,17191,C00407,5193,CC[C@H](C)[C@@H](C(=O)O)N,1
60,60,2-aminoadipate,Aminoadipic acid,HMDB0000510,469,37024,C00956,5496,NC(CCCC(=O)O)C(=O)O,1
61,61,citrulline,Citrulline,HMDB0000904,9750,16349,C00327,16,N[C@@H](CCCNC(N)=O)C(O)=O,1
62,62,leucine,L-Leucine,HMDB0000687,6106,15603,C00123,24,CC(C)C[C@H](N)C(O)=O,1
63,63,lysine,L-Lysine,HMDB0000182,5962,18019,C00047,5200,NCCCC[C@H](N)C(O)=O,1
64,64,malate,L-Malic acid,HMDB0000156,222656,30797,C00149,,O[C@@H](CC(O)=O)C(O)=O,1
65,65,methionine,L-Methionine,HMDB0000696,6137,16643,C00073,5664,CSCC[C@H](N)C(O)=O,1
66,66,palmitate (16:0),,,,,,,,0
67,67,nicotinamide,Niacinamide,HMDB0001406,936,17154,C00153,1497,NC(=O)C1=CC=CN=C1,1
68,68,stearate (18:0),,,,,,,,0
69,69,ornithine,Ornithine,HMDB0000214,6262,15729,C00077,27,NCCC[C@H](N)C(O)=O,1
70,70,orotate,Orotic acid,HMDB0000226,967,16742,C00295,318,OC(=O)C1=CC(=O)NC(=O)N1,1
71,71,palmitoleate (16:1n7),,,,,,,,0
72,72,phenylalanine,L-Phenylalanine,HMDB0000159,6140,17295,C00079,28,N[C@@H](CC1=CC=CC=C1)C(O)=O,1
73,73,phosphate,Phosphate,HMDB0001429,1004,26078,C00009,3231,OP(O)(O)=O,1
74,74,proline,L-Proline,HMDB0000162,145742,17203,C00148,29,OC(=O)[C@@H]1CCCN1,1
75,75,lactate,L-Lactic acid,HMDB0000190,107689,422,C00186,5205,C[C@H](O)C(O)=O,1
76,76,pyridoxal,Pyridoxal,HMDB0001545,1050,17310,C00250,6312,CC1=NC=C(CO)C(C=O)=C1O,1
77,77,retinol (Vitamin A),,,,,,,,0
78,78,salicylate,Salicyluric acid,HMDB0000840,10253,9008,C07588,617,OC(=O)CNC(=O)C1=C(O)C=CC=C1,1
79,79,serine,Serine,HMDB0062263,5951,17822,C00716,5203,N[C@@H](CO)C(O)=O,1
80,80,serotonin,Serotonin,HMDB0000259,5202,28790,C00780,74,NCCC1=CNC2=C1C=C(O)C=C2,1
81,81,taurine,Taurine,HMDB0000251,1123,15891,C00245,31,NCCS(O)(=O)=O,1
82,82,myristate (14:0),,,,,,,,0
83,83,urea,Urea,HMDB0000294,1176,16199,C00086,6,NC(N)=O,1
84,84,uridine,Uridine,HMDB0000296,6029,16704,C00299,90,OC[C@H]1O[C@H]([C@H](O)[C@@H]1O)N1C=CC(=O)NC1=O,1
85,85,trans-urocanate,Trans-urocanate,HMDB0062562,1178,27248,,,OC(=O)C=CC1=CN=CN1,1
86,86,glutamate,L-Glutamic acid,HMDB0000148,33032,16015,C00025,5174,N[C@@H](CCC(O)=O)C(O)=O,1
87,87,glutamine,L-Glutamine,HMDB0000641,5961,18050,C00064,5614,N[C@@H](CCC(N)=O)C(O)=O,1
88,88,threonine,L-Threonine,HMDB0000167,6288,16857,C00188,32,C[C@@H](O)[C@H](N)C(O)=O,1
89,89,tryptophan,L-Tryptophan,HMDB0000929,6305,16828,C00078,5879,N[C@@H](CC1=CNC2=C1C=CC=C2)C(O)=O,1
90,90,valine,L-Valine,HMDB0000883,6287,16414,C00183,5842,CC(C)[C@H](N)C(O)=O,1
91,91,glucose,D-Glucose,HMDB0000122,5793,4167,C00221,133,OC[C@H]1O[C@@H](O)[C@H](O)[C@@H](O)[C@@H]1O,1
92,92,alpha-ketobutyrate,3-methyl pyruvic acid,HMDB0000005,58,30831,C00109,,CCC(=O)C(=O)O,1
93,93,adenosine,Adenosine,HMDB0000050,60961,16335,C00212,86,NC1=C2N=CN([C@@H]3O[C@H](CO)[C@@H](O)[C@H]3O)C2=NC=N1,1
94,94,betaine,Betaine,HMDB0000043,247,17750,C00719,287,C[N+](C)(C)CC([O-])=O,1
95,95,cysteine,L-Cysteine,HMDB0000574,5862,17561,C00097,5556,N[C@@H](CS)C(O)=O,1
96,96,mannose,D-Mannose,HMDB0000169,18950,4208,C00936,,OC[C@H]1O[C@H](O)[C@@H](O)[C@@H](O)[C@@H]1O,1
97,97,dimethylglycine,Dimethylglycine,HMDB0000092,673,17724,C01026,277,CN(C)CC(O)=O,1
98,98,alanine,L-Alanine,HMDB0000161,5950,16977,C00041,,C[C@H](N)C(O)=O,1
99,99,tyrosine,L-Tyrosine,HMDB0000158,6057,17895,C00082,34,N[C@@H](CC1=CC=C(O)C=C1)C(O)=O,1
100,100,pseudouridine,Pseudouridine,HMDB0000767,15047,17802,C02067,5734,OC[C@H]1O[C@H]([C@H](O)[C@@H]1O)C1=CNC(=O)NC1=O,1
101,101,pyruvate,Pyruvic acid,HMDB0000243,1060,32816,C00022,117,CC(=O)C(=O)O,1
102,102,uracil,Uracil,HMDB0000300,1174,17568,C00106,258,O=C1NC=CC(=O)N1,1
103,103,cytidine,Cytidine,HMDB0000089,6253,17562,C00475,3376,NC1=NC(=O)N(C=C1)[C@@H]1O[C@H](CO)[C@@H](O)[C@H]1O,1
104,104,caffeine,Caffeine,HMDB0001847,2519,27732,C07481,1455,CN1C=NC2=C1C(=O)N(C)C(=O)N2C,1
105,105,fructose,D-Fructose,HMDB0000660,439709,28645,C02336,135,OC[C@H]1O[C@](O)(CO)[C@@H](O)[C@@H]1O,1
106,106,adenine,Adenine,HMDB0000034,190,16708,C00147,85,NC1=C2NC=NC2=NC=N1,1
107,107,caprate (10:0),,,,,,,,0
108,108,margarate (17:0),,,,,,,,0
109,109,nonadecanoate (19:0),,,,,,,,0
110,110,arachidate (20:0),,,,,,,,0
111,111,maltose,Maltose,HMDB0037138,439341,18167,C00897,,OC[C@H]1O[C@H](O[C@H]2[C@H](O)[C@@H](O)[C@@H](O)O[C@@H]2CO)[C@H](O)[C@@H](O)[C@@H]1O,1
112,112,asparagine,L-Asparagine,HMDB0000168,6267,17196,C00152,14,N[C@@H](CC(N)=O)C(O)=O,1
113,113,N-stearoyl-sphinganine (d18:0/18:0)*,,,,,,,,0
114,114,dihydroorotate,"4,5-Dihydroorotic acid",HMDB0000528,648,30865,C00337,5513,OC(=O)C1CC(=O)NC(=O)N1,1
115,115,caproate (6:0),Caproate (6:0),HMDB0061883,8892,30776,C01585,5520,CCCCCC(O)=O,1
116,116,caprylate (8:0),,,,,,,,0
117,117,pentadecanoate (15:0),,,,,,,,0
118,118,trans-4-hydroxyproline,4-Hydroxyproline,HMDB0000725,5810,18095,C01157,257,O[C@H]1CN[C@@H](C1)C(O)=O,1
119,119,allantoin,Allantoin,HMDB0000462,204,15676,C01551,89,NC(=O)NC1NC(=O)NC1=O,1
120,120,xanthine,Xanthine,HMDB0000292,1188,17712,C00385,82,O=C1NC2=C(NC=N2)C(=O)N1,1
121,121,5-oxoproline,Pyroglutamic acid,HMDB0000267,7405,18183,C01879,3251,OC(=O)[C@@H]1CCC(=O)N1,1
122,122,picolinate,Picolinic acid,HMDB0002243,1018,28747,C10164,,OC(=O)C1=CC=CC=N1,1
123,123,sarcosine,Sarcosine,HMDB0000271,1088,15611,C00213,51,CNCC(O)=O,1
124,124,pantothenate,Pantothenic acid,HMDB0000210,6613,46905,C00864,,CC(C)(CO)[C@@H](O)C(=O)NCCC(O)=O,1
125,125,pipecolate,Pipecolic acid,HMDB0000070,849,17964,C00408,50,OC(=O)C1CCCCN1,1
126,126,phosphoethanolamine,O-Phosphoethanolamine,HMDB0000224,1015,17553,C00346,5233,NCCOP(O)(O)=O,1
127,127,glycerate,Glyceric acid,HMDB0000139,439194,32398,C00258,280,OC[C@@H](O)C(O)=O,1
128,128,3-ureidopropionate,Ureidopropionic acid,HMDB0000026,111,18261,C02642,5097,NC(=O)NCCC(O)=O,1
129,129,N-acetylleucine,N-Acetylleucine,HMDB0011756,70912,17786,C02710,,CC(C)C[C@H](NC(C)=O)C(O)=O,1
130,130,N-acetylmethionine,N-Acetylmethionine,HMDB0011745,6180,21557,C02712,,CSCC[C@H](NC(C)=O)C(O)=O,1
131,131,N-acetylvaline,N-Acetylvaline,HMDB0011757,227752,21565,,,CC(C)C(C(=O)O)NC(=O)C,1
132,132,erucate (22:1n9),,,,,,,,0
133,133,"bilirubin (Z,Z)",,,,,,,,0
134,134,thyroxine,Thyroxine,HMDB0000248,5819,18332,C01829,439,N[C@@H](CC1=CC(I)=C(OC2=CC(I)=C(O)C(I)=C2)C(I)=C1)C(O)=O,1
135,135,gamma-glutamyltyrosine,gamma-Glutamyltyrosine,HMDB0011741,94340,82969,,,N[C@@H](CCC(=O)N[C@@H](CC1=CC=C(O)C=C1)C(O)=O)C(O)=O,1
136,136,methyl indole-3-acetate,Indole-3-methyl acetate,HMDB0029738,74706,72782,,,COC(=O)CC1=CNC2=C1C=CC=C2,1
137,137,alpha-tocopherol,Alpha-Tocopherol,HMDB0001893,14985,18145,C02477,6376,CC1=C(C(=C2CC[C@@](OC2=C1C)(C)CCC[C@H](C)CCC[C@H](C)CCCC(C)C)C)O,1
138,138,N-acetylalanine,N-Acetyl-L-alanine,HMDB0000766,88064,40992,,5733,C[C@H](NC(C)=O)C(O)=O,1
139,139,vanillylmandelate (VMA),,,,,,,,0
140,140,4-acetamidobutanoate,4-Acetamidobutanoic acid,HMDB0003681,18189,17645,C02946,,CC(=O)NCCCC(O)=O,1
141,141,3-aminoisobutyrate,3-Aminoisobutanoic acid,HMDB0003911,64956,27389,C05145,5472,CC(CN)C(=O)O,1
142,142,citrate,Citric acid,HMDB0000094,311,30769,C00158,124,OC(=O)CC(O)(CC(O)=O)C(O)=O,1
143,143,2-aminobutyrate,L-Alpha-aminobutyric acid,HMDB0000452,80283,35619,C02356,12,CC[C@@H](C(=O)O)N,1
144,144,urate,Uric acid,HMDB0000289,1175,17775,C00366,88,O=C1NC2=C(N1)C(=O)NC(=O)N2,1
145,145,ursodeoxycholate,Ursodeoxycholic acid,HMDB0000946,31401,9907,C07880,5893,C[C@H](CCC(=O)O)[C@H]1CC[C@@H]2[C@@]1(CC[C@H]3[C@H]2[C@H](C[C@H]4[C@@]3(CC[C@H](C4)O)C)O)C,1
146,146,oleoyl ethanolamide,,,,,,,,0
147,147,gamma-glutamylglutamine,N2-gamma-Glutamylglutamine,HMDB0011738,150914,73707,C05283,,N[C@@H](CCC(=O)N[C@@H](CCC(N)=O)C(O)=O)C(O)=O,1
148,148,4-hydroxyphenylpyruvate,4-Hydroxyphenylpyruvic acid,HMDB0000707,979,15999,C01179,5675,OC(=O)C(=O)CC1=CC=C(O)C=C1,1
149,149,butyrate/isobutyrate (4:0),,,,,,,,0
150,150,N-acetylneuraminate,N-Acetylneuraminate,,3568,17012,C00270,,,1
151,151,N-acetylglucosaminylasparagine,Aspartylglycosamine,HMDB0000489,123826,17261,C04540,5476,CC(=O)N[C@@H]1[C@@H](O)[C@H](O)[C@@H](CO)O[C@H]1NC(=O)C[C@H](N)C(O)=O,1
152,152,acetoacetate,Acetoacetic acid,HMDB0000060,96,15344,C00164,276,CC(=O)CC(=O)O,1
153,153,creatine,Creatine,HMDB0000064,586,16919,C00300,7,CN(CC(O)=O)C(N)=N,1
154,154,"cys-gly, oxidized",,,,,,,,0
155,155,dihomo-linoleate (20:2n6),,,,,,,,0
156,156,gamma-glutamylhistidine,gamma-Glutamylhistidine,HMDB0029151,7017195,133032,,,N[C@@H](CCC(=O)N[C@@H](CC1=CNC=N1)C(O)=O)C(O)=O,1
157,157,2-hydroxystearate,,,,,,,,0
158,158,N1-methyladenosine,1-Methyladenosine,HMDB0003331,27476,16020,C02494,6888,CN1C=NC2=C(N=CN2[C@@H]2O[C@H](CO)[C@@H](O)[C@H]2O)C1=N,1
159,159,glycerol,Glycerol,HMDB0000131,753,17754,C00116,105,OCC(O)CO,1
160,160,choline,Choline,HMDB0000097,305,15354,C00114,56,C[N+](C)(C)CCO,1
161,161,gamma-glutamylleucine,L-gamma-glutamyl-L-leucine,HMDB0011171,4524287,68433,,,CC(C)C[C@H](NC(=O)CC[C@H](N)C(O)=O)C(O)=O,1
162,162,3-methoxytyrosine,3-Methoxytyrosine,HMDB0001434,1670,,,,COC1=C(O)C=CC(CC(N)C(O)=O)=C1,1
163,163,beta-hydroxyisovalerate,3-Hydroxyisovaleric acid,HMDB0000754,69362,37084,C20827,5722,CC(C)(CC(=O)O)O,1
164,164,arachidonoyl ethanolamide,"Anandamide (20:4, n-6)",HMDB0004080,5281969,2700,C11695,,CCCCC/C=C\C/C=C\C/C=C\C/C=C\CCCC(=O)NCCO,1
165,165,palmitoyl ethanolamide,Palmitoylethanolamide,HMDB0002100,4671,71464,C16512,,CCCCCCCCCCCCCCCC(=O)NCCO,1
166,166,N-palmitoyl-sphingosine (d18:1/16:0),,,,,,,,0
167,167,1-palmitoyl-2-oleoyl-GPE (16:0/18:1),,,,,,,,0
168,168,1-palmitoyl-2-linoleoyl-GPI (16:0/18:2),,,,,,,,0
169,169,1-palmitoyl-2-linoleoyl-GPC (16:0/18:2),"PC(16:0/18:2(9Z,12Z))",HMDB0007973,5287971,,C00157,,CCCCCCCCCCCCCCCC(=O)OC[C@H](COP(=O)([O-])OCC[N+](C)(C)C)OC(=O)CCCCCCC/C=C\C/C=C\CCCCC,1
170,170,stearoyl sphingomyelin (d18:1/18:0),,,,,,,,0
171,171,1-palmitoyl-2-oleoyl-GPC (16:0/18:1),,,,,,,,0
172,172,N-stearoyl-sphingosine (d18:1/18:0)*,,,,,,,,0
173,173,glycochenodeoxycholate,Chenodeoxycholic acid glycine conjugate,HMDB0000637,22833540,,C05466,5610,C[C@H](CCC(=O)NCC(=O)O)[C@H]1CCC2[C@@]1(CCC3C2[C@@H](C[C@H]4[C@@]3(CC[C@H](C4)O)C)O)C,1
174,174,taurochenodeoxycholate,Taurochenodesoxycholic acid,HMDB0000951,387316,16525,C05465,5897,C[C@H](CCC(=O)NCCS(=O)(=O)O)[C@H]1CC[C@@H]2[C@@]1(CC[C@H]3[C@H]2[C@@H](C[C@H]4[C@@]3(CC[C@H](C4)O)C)O)C,1
175,175,taurocholate,Taurocholic acid,HMDB0000036,6675,28865,C05122,5104,CC(CCC(=O)NCCS(=O)(=O)O)C1CCC2C1([C@H](CC3C2[C@@H](C[C@H]4C3(CC[C@H](C4)O)C)O)O)C,1
176,176,taurodeoxycholate,Taurodeoxycholic acid,HMDB0000896,2733768,9410,C05463,5853,C[C@H](CCC(=O)NCCS(=O)(=O)O)[C@H]1CC[C@@H]2[C@@]1([C@H](C[C@H]3[C@H]2CC[C@H]4[C@@]3(CC[C@H](C4)O)C)O)C,1
177,177,2-hydroxyhippurate (salicylurate),,,,,,,,0
178,178,4-acetaminophen sulfate,Paracetamol sulfate,HMDB0059911,83939,32635,,,CC(=O)NC1=CC=C(OS(O)(=O)=O)C=C1,1
179,179,eicosapentaenoate (EPA,,,,,,,,0
180,180, 20:5n3),,,,,,,,0
181,181,methylsuccinate,Methylsuccinic acid,HMDB0001844,10349,29003,C08645,6344,CC(CC(=O)O)C(=O)O,1
182,182,ethylmalonate,Ethylmalonic acid,HMDB0000622,11756,741548,,4180,CCC(C(=O)O)C(=O)O,1
183,183,carnitine,L-Carnitine,HMDB0000062,10917,16347,C00318,52,C[N+](C)(C)C[C@H](O)CC([O-])=O,1
184,184,benzoate,Benzoate,HMDB0013677,7424,39912,C00180,,OC(=O)C1=CC(O)=CC(O)=C1,1
185,185,3-phenylpropionate (hydrocinnamate),,,,,,,,0
186,186,hippurate,Hippuric acid,HMDB0000714,464,18089,C01586,1301,OC(=O)CNC(=O)C1=CC=CC=C1,1
187,187,xanthurenate,Xanthurenic acid,HMDB0000881,5699,10072,C02470,5841,OC(=O)C1=NC2=C(O)C=CC=C2C(O)=C1,1
188,188,suberate (C8-DC),,,,,,,,0
189,189,3-methyl-2-oxovalerate,3-Methyl-2-oxovaleric acid,HMDB0000491,47,35932,C00671,5478,CCC(C)C(=O)C(O)=O,1
190,190,methionine sulfoxide,Methionine sulfoxide,HMDB0002005,158980,17016,C02989,6428,CS(=O)CC[C@H](N)C(O)=O,1
191,191,3-methylhistidine,3-Methylhistidine,HMDB0000479,64969,27596,C01152,5466,[H][C@](N)(CC1=CN=CN1C)C(O)=O,1
192,192,5-hydroxylysine,procollagen 5-hydroxy-L-lysine,HMDB0000450,4433,18040,C16741,5439,NC[C@H](O)CC[C@H](N)C(O)=O,1
193,193,4-guanidinobutanoate,4-Guanidinobutanoic acid,HMDB0003464,500,15728,C01035,6938,NC(=N)NCCCC(O)=O,1
194,194,glucuronate,Glucuronic acid,HMDB0000127,94715,42717,C00191,161,O[C@H]1O[C@@H]([C@@H](O)[C@H](O)[C@H]1O)C(O)=O,1
195,195,glycerol 3-phosphate,Glycerol 3-phosphate,HMDB0000126,439162,15978,C00093,5161,C([C@H](COP(=O)(O)O)O)O,1
196,196,imidazole lactate,Imidazole lactate,METPA0616,,24773,C05568,,,1
197,197,kynurenine,L-Kynurenine,HMDB0000684,161166,16946,C00328,72,N[C@@H](CC(=O)C1=CC=CC=C1N)C(O)=O,1
198,198,glycerophosphorylcholine (GPC),,,,,,,,0
199,199,maltotriose,Maltotriose,HMDB0001262,439586,140999,C01835,3585,OC[C@H]1O[C@H](O[C@H]2[C@H](O)[C@@H](O)[C@@H](O[C@H]3[C@H](O)[C@@H](O)C(O)O[C@@H]3CO)O[C@@H]2CO)[C@H](O)[C@@H](O)[C@@H]1O,1
200,200,N-acetylglutamate,N-Acetylglutamic acid,HMDB0001138,70914,17533,C00624,6031,CC(=O)N[C@@H](CCC(O)=O)C(O)=O,1
201,201,tartarate,Tartaric acid,HMDB0000956,444305,15671,C00898,,O[C@H]([C@@H](O)C(O)=O)C(O)=O,1
202,202,xanthosine,Xanthosine,HMDB0000299,64959,18107,C01762,3408,OC[C@H]1O[C@H]([C@H](O)[C@@H]1O)N1C=NC2=C1N=C(O)N=C2O,1
203,203,ribitol,Ribitol,HMDB0000508,,15963,C00474,316,OC[C@H](O)[C@H](O)[C@H](O)CO,1
204,204,glycodeoxycholate,Deoxycholic acid glycine conjugate,HMDB0000631,3035026,27471,C05464,5604,C[C@H](CCC(=O)NCC(=O)O)[C@H]1CCC2[C@@]1([C@H](CC3C2CC[C@H]4[C@@]3(CC[C@H](C4)O)C)O)C,1
205,205,theophylline,Theophylline,HMDB0001889,2153,28177,C07130,1458,CN1C2=C(NC=N2)C(=O)N(C)C1=O,1
206,206,quinate,Quinic acid,HMDB0003072,6508,17521,C00296,3329,O[C@@H]1C[C@@](O)(C[C@@H](O)[C@H]1O)C(O)=O,1
207,207,theobromine,Theobromine,HMDB0002825,5429,28946,C07480,1456,CN1C=NC2=C1C(O)=NC(=O)N2C,1
208,208,gentisate,Gentisic acid,HMDB0000152,3469,17189,C00628,618,OC(=O)C1=C(O)C=CC(O)=C1,1
209,209,paraxanthine,Paraxanthine,HMDB0001860,4687,25858,C13747,1457,CN1C=NC2=C1C(=O)N(C)C(=O)N2,1
210,210,indolelactate,Indolelactic acid,HMDB0000671,676157,24813,C02043,5641,O[C@@H](CC1=CNC2=C1C=CC=C2)C(O)=O,1
211,211,3-indoxyl sulfate,Indoxyl sulfate,HMDB0000682,10258,43355,,524,OS(=O)(=O)OC1=CNC2=CC=CC=C12,1
212,212,gamma-glutamylphenylalanine,gamma-Glutamylphenylalanine,HMDB0000594,111299,89582,,5573,N[C@@H](CCC(=O)N[C@@H](CC1=CC=CC=C1)C(O)=O)C(O)=O,1
213,213,4-methyl-2-oxopentanoate,Ketoleucine,HMDB0000695,70,48430,C00233,5663,CC(C)CC(=O)C(O)=O,1
214,214,"1,5-anhydroglucitol (1,5-AG)",,,,,,,,0
215,215,1-palmityl-GPC (O-16:0),,,,,,,,0
216,216,1-stearoyl-2-arachidonoyl-GPI (18:0/20:4),,,,,,,,0
217,217,sphingosine 1-phosphate,Sphingosine 1-phosphate,HMDB0000277,5353956,392583,C06124,5272,CCCCCCCCCCCCC/C=C/C(C(COP(=O)(O)O)N)O,1
218,218,1-stearoyl-2-oleoyl-GPS (18:0/18:1),,,,,,,,0
219,219,1-stearoyl-GPI (18:0),,,,,,,,0
220,220,"1,2-dipalmitoyl-GPC (16:0/16:0)",,,,,,,,0
221,221,docosahexaenoate (DHA,,,,,,,,0
222,222, 22:6n3),,,,,,,,0
223,223,1-myristoyl-2-palmitoyl-GPC (14:0/16:0),,,,,,,,0
224,224,alpha-hydroxyisocaproate,D-Leucic acid,HMDB0000624,439960,55534,C03264,5597,CC(C)C[C@H](C(=O)O)O,1
225,225,maleate,Maleic acid,HMDB0000176,444266,18300,C01384,4198,OC(=O)\C=C/C(O)=O,1
226,226,4-acetylphenol sulfate,,,,,,,,0
227,227,2-hydroxyoctanoate,Hydroxyoctanoic acid,HMDB0000711,94180,86543,,5679,CCCCCCC(C(=O)O)O,1
228,228,levulinate (4-oxovalerate),,,,,,,,0
229,229,3-hydroxyoctanoate,3-Hydroxyoctanoic acid,HMDB0001954,26613,37098,,,CCCCCC(O)CC(=O)O,1
230,230,phenyllactate (PLA),,,,,,,,0
231,231,palmitoylcarnitine (C16),,,,,,,,0
232,232,hexanoylcarnitine (C6),,,,,,,,0
233,233,N-acetylaspartate (NAA),,,,,,,,0
234,234,dehydroepiandrosterone sulfate (DHEA-S),,,,,,,,0
235,235,acetylcarnitine (C2),,,,,,,,0
236,236,cysteine s-sulfate,,,,,,,,0
237,237,1-palmitoylglycerol (16:0),,,,,,,,0
238,238,tartronate (hydroxymalonate),,,,,,,,0
239,239,oxalate (ethanedioate),,,,,,,,0
240,240,erythritol,Erythritol,HMDB0002994,222285,17113,C00503,140,OC[C@H](O)[C@H](O)CO,1
241,241,3-hydroxymyristate,3-Hydroxymyristate,HMDB0094672,16064,85148,,,CCCCCCCCCCCC(O)CC(O)=O,1
242,242,iminodiacetate (IDA),,,,,,,,0
243,243,1-oleoylglycerol (18:1),,,,,,,,0
244,244,3-methyl-2-oxobutyrate,Alpha-ketoisovaleric acid,HMDB0000019,49,16530,C00141,5091,CC(C)C(=O)C(=O)O,1
245,245,homoarginine,Homo-L-arginine,HMDB0000670,9085,27747,C01924,5640,N[C@@H](CCCCNC(N)=N)C(O)=O,1
246,246,homocitrulline,Homocitrulline,HMDB0000679,65072,17443,C02427,46,N[C@@H](CCCCNC(N)=O)C(O)=O,1
247,247,pyroglutamylglutamine,,,,,,,,0
248,248,2-linoleoylglycerol (18:2),,,,,,,,0
249,249,3-hydroxydecanoate,3-Hydroxycapric acid,HMDB0002203,26612,132983,,6544,CCCCCCCC(O)CC(=O)O,1
250,250,EDTA,Edetic Acid,HMDB0015109,6049,42191,C00284,,C(CN(CC(=O)O)CC(=O)O)N(CC(=O)O)CC(=O)O,1
251,251,N-acetylglycine,Acetylglycine,HMDB0000532,10972,40410,,5517,CC(=O)NCC(O)=O,1
252,252,ribonate,Ribonic acid,HMDB0000867,5460677,21077,C01685,3290,OC[C@@H](O)[C@@H](O)[C@@H](O)C(O)=O,1
253,253,threonate,Threonic acid,HMDB0000943,151152,49059,C01620,5891,C([C@H]([C@@H](C(=O)O)O)O)O,1
254,254,galactonate,Galactonic acid,HMDB0000565,128869,16534,C00880,3336,OC[C@@H](O)[C@H](O)[C@H](O)[C@@H](O)C(O)=O,1
255,255,indoleacetate,Indoleacetic acid,HMDB0000197,802,16411,C00954,5211,OC(=O)CC1=CNC2=C1C=CC=C2,1
256,256,1-linoleoylglycerol (18:2),,,,,,,,0
257,257,1-methylhistidine,1-Methylhistidine,HMDB0000001,92105,50599,C01152,3741,CN1C=NC(C[C@H](N)C(O)=O)=C1,1
258,258,butyrylcarnitine (C4),,,,,,,,0
259,259,isobutyrylcarnitine (C4),,,,,,,,0
260,260,glycolithocholate,Lithocholic acid glycine conjugate,HMDB0000698,115245,37998,C15557,5666,C[C@H](CCC(=O)NCC(=O)O)[C@H]1CC[C@@H]2[C@@]1(CC[C@H]3[C@H]2CC[C@H]4[C@@]3(CC[C@H](C4)O)C)C,1
261,261,androsterone sulfate,Androsterone sulfate,HMDB0002759,159663,83037,,3559,C[C@]12CC[C@H](C[C@@H]1CC[C@@H]3[C@@H]2CC[C@]4([C@H]3CCC4=O)C)OS(=O)(=O)O,1
262,262,indolepropionate,Indole-3-propionic acid,HMDB0002302,3744,43580,,6602,OC(=O)CCC1=CNC2=C1C=CC=C2,1
263,263,N-(2-furoyl)glycine,2-Furoylglycine,HMDB0000439,21863,82912,,5428,OC(=O)CNC(=O)C1=CC=CO1,1
264,264,trigonelline (N'-methylnicotinate),,,,,,,,0
265,265,dodecanedioate (C12-DC),,,,,,,,0
266,266,"glutamate, gamma-methyl ester",,,,,,,,0
267,267,N-acetyltyrosine,N-Acetyl-L-tyrosine,HMDB0000866,68310,21563,C01657,,CC(=O)N[C@@H](CC1=CC=C(O)C=C1)C(O)=O,1
268,268,"1,3-dimethylurate","1,3-Dimethyluric acid",HMDB0001857,70346,68447,,2822,CN1C2=C(NC(=O)N2)C(=O)N(C)C1=O,1
269,269,3-methylxanthine,3-Methylxanthine,HMDB0001886,70639,62207,C16357,2820,CN1C2=C(NC=N2)C(=O)NC1=O,1
270,270,3-hydroxylaurate,beta-hydroxylauric acid,HMDB0000387,94216,36206,,5376,CCCCCCCCCC(O)CC(=O)O,1
271,271,pyridoxate,4-Pyridoxic acid,HMDB0000017,6723,17405,C00847,239,CC1=NC=C(CO)C(C(O)=O)=C1O,1
272,272,gamma-glutamylvaline,L-gamma-glutamyl-L-valine,HMDB0011172,7015683,68848,,,CC(C)[C@H](NC(=O)CC[C@H](N)C(O)=O)C(O)=O,1
273,273,pyroglutamylvaline,PyroGlu-Val,HMDB0094651,152416,132991,,,CC(C)[C@H](NC(=O)[C@@H]1CCC(=O)N1)C(O)=O,1
274,274,3-hydroxysebacate,3-Hydroxysebacic acid,HMDB0000350,3017884,89182,,5339,O=C(O)CCCCCCC(O)CC(=O)O,1
275,275,5-hydroxyhexanoate,Delta-Hexanolactone,HMDB0000453,13204,589927,,5442,CC1CCCC(=O)O1,1
276,276,propionylglycine,Propionylglycine,HMDB0000783,98681,89836,,5749,CCC(=O)NCC(O)=O,1
277,277,propionylcarnitine (C3),,,,,,,,0
278,278,pro-hydroxy-pro,,,,,,,,0
279,279,3-hydroxy-2-ethylpropionate,2-Ethylhydracrylic acid,HMDB0000396,188979,741550,,3785,CCC(CO)C(=O)O,1
280,280,3-carboxy-4-methyl-5-propyl-2-furanpropanoate (CMPF),,,,,,,,0
281,281,docosapentaenoate (n3 DPA,,,,,,,,0
282,282, 22:5n3),,,,,,,,0
283,283,docosadienoate (22:2n6),Docosadienoate (22:2n6),HMDB0061714,5312554,75117,C16533,,CCCCC\C=C/C\C=C/CCCCCCCCCCCC(O)=O,1
284,284,adrenate (22:4n6),,,,,,,,0
285,285,10-undecenoate (11:1n1),,,,,,,,0
286,286,myristoleate (14:1n5),,,,,,,,0
287,287,4-imidazoleacetate,Imidazoleacetic acid,HMDB0002024,96215,16974,C02835,6445,OC(=O)CC1=CN=CN1,1
288,288,1-methyl-4-imidazoleacetate,Methylimidazoleacetic acid,HMDB0002820,75810,1606,C05828,3774,CN1C=C(N=C1)CC(=O)O,1
289,289,sebacate (C10-DC),,,,,,,,0
290,290,stearidonate (18:4n3),,,,,,,,0
291,291,5-dodecenoate (12:1n7),,,,,,,,0
292,292,octanoylcarnitine (C8),,,,,,,,0
293,293,decanoylcarnitine (C10),,,,,,,,0
294,294,N-acetylglutamine,N-Acetylglutamine,HMDB0006029,182230,21553,,,CC(=O)N[C@@H](CCC(N)=O)C(O)=O,1
295,295,N-acetyltryptophan,N-acetyltryptophan,HMDB0013713,700653,74640,,,CC(=O)N[C@@H](CC1=CNC2=C1C=CC=C2)C(O)=O,1
296,296,N-acetylphenylalanine,N-Acetyl-L-phenylalanine,HMDB0000512,74839,16259,C03519,5498,CC(=O)N[C@@H](CC1=CC=CC=C1)C(O)=O,1
297,297,gamma-glutamyl-epsilon-lysine,Epsilon-(gamma-Glutamyl)-lysine,HMDB0003869,7015684,88494,,,N[C@@H](CCCCNC(=O)CC[C@H](N)C(O)=O)C(O)=O,1
298,298,1-palmitoyl-GPC (16:0),LysoPC(16:0),HMDB0010382,460602,72998,C04230,,CCCCCCCCCCCCCCCC(=O)OC[C@H](COP(=O)([O-])OCC[N+](C)(C)C)O,1
299,299,1-margaroyl-GPC (17:0),,,,,,,,0
300,300,N-acetylarginine,,,,,,,,0
301,301,piperine,Piperine,HMDB0029377,638024,28821,C03882,,O=C(\C=C\C=C\C1=CC2=C(OCO2)C=C1)N1CCCCC1,1
302,302,campesterol,Campesterol,HMDB0002869,5283637,19809,C01789,167,C[C@H](CC[C@H](C)C(C)C)[C@H]1CC[C@@H]2[C@@]1(CC[C@H]3[C@H]2CC=C4[C@@]3(CC[C@@H](C4)O)C)C,1
303,303,myristoylcarnitine (C14),,,,,,,,0
304,304,1-stearoyl-GPC (18:0),,,,,,,,0
305,305,1-oleoyl-GPC (18:1),,,,,,,,0
306,306,N-acetylthreonine,N-Acetylthreonine,HMDB0062557,152204,45826,,,C[C@@H](O)[C@H](NC(C)=O)C(O)=O,1
307,307,N-acetylisoleucine,N-Acetylisoleucine,HMDB0061684,7036275,21555,,,CC[C@H](C)[C@H](NC(C)=O)C(O)=O,1
308,308,10-nonadecenoate (19:1n9),,,,,,,,0
309,309,10-heptadecenoate (17:1n7),,,,,,,,0
310,310,epiandrosterone sulfate,Epiandrosterone sulfate,HMDB0062657,9929317,83040,,,[H][C@@]12CCC(=O)[C@@]1(C)CC[C@@]1([H])[C@@]2([H])CC[C@@]2([H])C[C@H](CC[C@]12C)OS(O)(=O)=O,1
311,311,N-acetylhistidine,N-Acetylhistidine,HMDB0032055,75619,16437,C02997,,CC(=O)N[C@@H](CC1=CNC=N1)C(O)=O,1
312,312,gamma-glutamylglycine,gamma-Glutamylglycine,HMDB0011667,165527,73845,,,N[C@@H](CCC(=O)NCC(O)=O)C(O)=O,1
313,313,gamma-glutamyltryptophan,gamma-Glutamyltryptophan,HMDB0029160,3038501,133028,,,N[C@@H](CCC(=O)N[C@@H](CC1=CNC2=CC=CC=C12)C(O)=O)C(O)=O,1
314,314,stachydrine,Stachydrine,HMDB0004827,7016563,35280,C10172,7089,C[N+]1(CCC[C@H]1C(=O)[O-])C,1
315,315,alpha-hydroxyisovalerate,2-Hydroxy-3-methylbutyric acid,HMDB0000407,99823,60645,,5396,CC(C)C(C(=O)O)O,1
316,316,gamma-glutamylmethionine,N-gamma-Glutamylmethionine,HMDB0034367,7009567,82965,,,CSCC[C@H](NC(=O)CC[C@H](N)C(O)=O)C(O)=O,1
317,317,gamma-glutamylthreonine,gamma-Glutamylthreonine,HMDB0029159,53861142,133747,,,C[C@@H](O)[C@H](NC(=O)CC[C@H](N)C(O)=O)C(O)=O,1
318,318,p-cresol sulfate,p-Cresol sulfate,HMDB0011635,4615423,82914,,,CC1=CC=C(OS(O)(=O)=O)C=C1,1
319,319,erythronate*,,,,,,,,0
320,320,eicosenoate (20:1),,,,,,,,0
321,321,linolenate [alpha or gamma,,,,,,,,0
322,322, (18:3n3 or 6)],,,,,,,,0
323,323,aconitate [cis or trans],,,,,,,,0
324,324,1-myristoyl-GPC (14:0),,,,,,,,0
325,325,1-arachidoyl-GPC (20:0),,,,,,,,0
326,326,stearoylcarnitine (C18),,,,,,,,0
327,327,laurylcarnitine (C12),,,,,,,,0
328,328,isovalerylcarnitine (C5),,,,,,,,0
329,329,1-linoleoyl-GPC (18:2),,,,,,,,0
330,330,7-methylxanthine,7-Methylxanthine,HMDB0001991,68374,48991,C16353,,CN1C=NC2=C1C(=O)NC(=O)N2,1
331,331,"1,3,7-trimethylurate","1,3,7-Trimethyluric acid",HMDB0002123,79437,691622,C16361,,CN1C(=O)NC2=C1C(=O)N(C)C(=O)N2C,1
332,332,"3,7-dimethylurate",,,,,,,,0
333,333,"1,7-dimethylurate",,,,,,,,0
334,334,5-acetylamino-6-formylamino-3-methyluracil,5-Acetylamino-6-formylamino-3-methyluracil,HMDB0011105,108214,32643,C16365,,CN1C(=O)NC(NC=O)=C(NC(C)=O)C1=O,1
335,335,5-acetylamino-6-amino-3-methyluracil,5-Acetylamino-6-amino-3-methyluracil,HMDB0004400,88299,,C16366,,CN1C(=O)NC(N)=C(NC(C)=O)C1=O,1
336,336,1-methylxanthine,1-Methylxanthine,HMDB0010738,80220,68444,C16358,,CN1C(=O)NC2=C(NC=N2)C1=O,1
337,337,N1-methylinosine,1-Methylinosine,HMDB0002721,65095,19065,,3780,CN1C=NC2=C(N=CN2[C@@H]2O[C@H](CO)[C@@H](O)[C@H]2O)C1=O,1
338,338,"N2,N2-dimethylguanosine","N2,N2-Dimethylguanosine",HMDB0004824,92919,19289,,7086,CN(C)C1=NC(=O)C2=C(N1)N(C=N2)[C@@H]1O[C@H](CO)[C@@H](O)[C@H]1O,1
339,339,N4-acetylcytidine,N4-Acetylcytidine,HMDB0005923,107461,70989,,,CC(=O)NC1=NC(=O)N(C=C1)[C@@H]1O[C@H](CO)[C@@H](O)[C@H]1O,1
340,340,N6-carbamoylthreonyladenosine,N6-Carbamoyl-L-threonyladenosine,HMDB0041623,92021849,,,,C[C@@H](O)[C@H](NC(N)=O)C(=O)NC1=C2N=CN([C@@H]3O[C@H](CO)[C@@H](O)[C@H]3O)C2=NC=N1,1
341,341,orotidine,Orotidine,HMDB0000788,92751,25722,C01103,5754,OC[C@H]1O[C@H]([C@H](O)[C@@H]1O)N1C(=O)NC(=O)C=C1C(O)=O,1
342,342,phenylacetylglutamine,Phenylacetylglutamine,HMDB0006344,92258,17884,C04148,,NC(=O)CC[C@H](NC(=O)CC1=CC=CC=C1)C(O)=O,1
343,343,4-hydroxyhippurate,4-Hydroxyhippuric acid,HMDB0013678,151012,71018,,,OC(=O)CNC(=O)C1=CC=C(O)C=C1,1
344,344,"5,6-dihydrouridine","5,6-Dihydrouridine",HMDB0000497,94312,23774,,5483,OC[C@H]1O[C@H]([C@H](O)[C@@H]1O)N1CCC(=O)NC1=O,1
345,345,3-(3-amino-3-carboxypropyl)uridine*,,,,,,,,0
346,346,1-arachidonylglycerol (20:4),,,,,,,,0
347,347,cysteine-glutathione disulfide,Cysteineglutathione disulfide,HMDB0000656,53477713,143243,,5628,C(CC(=O)N[C@@H](CSSCC(C(=O)O)N)C(=O)NCC(=O)O)[C@@H](C(=O)O)N,1
348,348,5-methyluridine (ribothymidine),,,,,,,,0
349,349,isovalerylglycine,Isovalerylglycine,HMDB0000678,546304,70984,,5647,CC(C)CC(=O)NCC(O)=O,1
350,350,7-methylguanine,7-Methylguanine,HMDB0000897,11361,28664,C02242,,CN1C=NC2=C1C(=O)N=C(N)N2,1
351,351,1-stearoyl-GPE (18:0),,,,,,,,0
352,352,3-methylcytidine,3-Methylcytidine,,159649,,,,,1
353,353,N1-Methyl-2-pyridone-5-carboxamide,N1-Methyl-2-pyridone-5-carboxamide,HMDB0004193,69698,27410,C05842,7025,CN1C=C(C=CC1=O)C(N)=O,1
354,354,gamma-glutamylisoleucine*,,,,,,,,0
355,355,oleoylcarnitine (C18:1),,,,,,,,0
356,356,2-methylbutyrylcarnitine (C5),,,,,,,,0
357,357,phenol sulfate,Phenyl hydrogen sulfate,HMDB0060015,74426,27905,C02180,,OS(=O)(=O)OC1=CC=CC=C1,1
358,358,1-palmitoleoyl-GPC (16:1)*,,,,,,,,0
359,359,hexanoylglycine,Hexanoylglycine,HMDB0000701,99463,64390,,5669,CCCCCC(=O)NCC(O)=O,1
360,360,glutamine_degradant*,,,,,,,,0
361,361,2-hydroxy-3-methylvalerate,2-Hydroxy-3-methylpentanoic acid,HMDB0000317,10796774,89228,,5306,CC[C@@H](C)[C@H](C(=O)O)O,1
362,362,homostachydrine*,,,,,,,,0
363,363,1-arachidonoyl-GPC (20:4n6)*,,,,,,,,0
364,364,1-dihomo-linolenoyl-GPC (20:3n3 or 6)*,,,,,,,,0
365,365,1-dihomo-linoleoyl-GPC (20:2)*,,,,,,,,0
366,366,2-arachidonoyl-GPC (20:4)*,,,,,,,,0
367,367,2-oleoyl-GPC (18:1)*,,,,,,,,0
368,368,2-linoleoyl-GPC (18:2)*,,,,,,,,0
369,369,2-palmitoyl-GPC (16:0)*,,,,,,,,0
370,370,2-myristoyl-GPC (14:0)*,,,,,,,,0
371,371,1-docosahexaenoyl-GPC (22:6)*,,,,,,,,0
372,372,1-palmitoyl-GPE (16:0),LysoPE(16:0/0:0),HMDB0011503,9547069,73004,,,CCCCCCCCCCCCCCCC(=O)OC[C@H](COP(=O)(O)OCCN)O,1
373,373,1-oleoyl-GPE (18:1),,,,,,,,0
374,374,1-linoleoyl-GPE (18:2)*,,,,,,,,0
375,375,1-arachidonoyl-GPE (20:4n6)*,,,,,,,,0
376,376,N-acetylcitrulline,N-Acetylcitrulline,,656979,,,,,1
377,377,2-hydroxypalmitate,,,,,,,,0
378,378,docosapentaenoate (n6 DPA,,,,,,,,0
379,379, 22:5n6),,,,,,,,0
380,380,gulonate*,,,,,,,,0
381,381,isobutyrylglycine,Isobutyrylglycine,HMDB0000730,10855600,70979,,5698,CC(C)C(=O)NCC(O)=O,1
382,382,glutarylcarnitine (C5-DC),,,,,,,,0
383,383,tiglylcarnitine (C5:1-DC),,,,,,,,0
384,384,hydroquinone sulfate,,,,,,,,0
385,385,catechol sulfate,,,,,,,,0
386,386,7-alpha-hydroxy-3-oxo-4-cholestenoate (7-Hoca),,,,,,,,0
387,387,N-acetyl-aspartyl-glutamate (NAAG),,,,,,,,0
388,388,tetradecanedioate (C14-DC),,,,,,,,0
389,389,hexadecanedioate (C16-DC),,,,,,,,0
390,390,1-myristoylglycerol (14:0),,,,,,,,0
391,391,glycerophosphoethanolamine,Glycerylphosphorylethanolamine,HMDB0000114,123874,52330,C01233,5151,NCCOP(O)(=O)OCC(O)CO,1
392,392,3-(3-hydroxyphenyl)propionate,3-(3-Hydroxyphenyl)propanoic acid,HMDB0000375,91,1427,C11457,5364,OC(=O)CCC1=CC(O)=CC=C1,1
393,393,ectoine,Ectoine,METPA0797,,27592,C06231,,,1
394,394,2-oleoyl-GPE (18:1)*,,,,,,,,0
395,395,2-palmitoyl-GPE (16:0)*,,,,,,,,0
396,396,1-arachidonoyl-GPI (20:4)*,,,,,,,,0
397,397,1-palmitoyl-GPI (16:0),,,,,,,,0
398,398,glycolithocholate sulfate*,,,,,,,,0
399,399,taurolithocholate 3-sulfate,Taurolithocholic acid 3-sulfate,HMDB0002580,440071,17864,C03642,6716,C[C@H](CCC(=O)NCCS(=O)(=O)O)[C@H]1CC[C@@H]2[C@@]1(CC[C@H]3[C@H]2CC[C@H]4[C@@]3(CC[C@H](C4)OS(=O)(=O)O)C)C,1
400,400,deoxycarnitine,4-Trimethylammoniobutanoic acid,HMDB0001161,134,1941,C01181,6043,C[N+](C)(C)CCCC(=O)O,1
401,401,N6-succinyladenosine,,,,,,,,0
402,402,1-ribosyl-imidazoleacetate*,,,,,,,,0
403,403,2-arachidonoyl-GPE (20:4)*,,,,,,,,0
404,404,indoleacetylglutamine,,,,,,,,0
405,405,hexanoylglutamine,,,,,,,,0
406,406,N6-acetyllysine,N6-Acetyl-L-lysine,HMDB0000206,92832,17752,C02727,5216,CC(=O)NCCCC[C@H](N)C(O)=O,1
407,407,dihomo-linolenate (20:3n3 or n6),,,,,,,,0
408,408,mannitol/sorbitol,,,,,,,,0
409,409,tryptophan betaine,Lenticin,HMDB0061115,442106,5832,C09213,,C[N+](C)(C)[C@@H](CC1=CNC2=CC=CC=C12)C([O-])=O,1
410,410,4-vinylphenol sulfate,4-Vinylphenol sulfate,HMDB0062775,6426766,82931,,,OS(=O)(=O)OC1=CC=C(C=C)C=C1,1
411,411,4-ethylphenylsulfate,4-ethylphenylsulfate,HMDB0062551,20822574,82932,,,CCC1=CC=C(OS(O)(=O)=O)C=C1,1
412,412,thymol sulfate,Thymol Sulfate,HMDB0062720,12456386,82911,,,CC(C)C1=C(OS(O)(=O)=O)C=C(C)C=C1,1
413,413,pyrraline,Pyrraline,HMDB0033143,14274616,,,,NC(CCCCN1C(CO)=CC=C1C=O)C(O)=O,1
414,414,2-linoleoyl-GPE (18:2)*,,,,,,,,0
415,415,1-oleoyl-GPI (18:1),,,,,,,,0
416,416,1-linoleoyl-GPI (18:2)*,,,,,,,,0
417,417,1-palmitoleoyl-GPE (16:1)*,,,,,,,,0
418,418,o-cresol sulfate,o-Cresol sulfate,HMDB0240655,11615528,133089,,,CC1=C(OS(O)(=O)=O)C=CC=C1,1
419,419,dimethylarginine (SDMA + ADMA),,,,,,,,0
420,420,gamma-glutamylalanine,gamma-Glutamylalanine,HMDB0006248,440103,50619,C03740,,C[C@H](NC(=O)CC[C@H](N)C(O)=O)C(O)=O,1
421,421,N-acetylserine,N-Acetylserine,HMDB0002931,65249,45441,,308,CC(=O)N[C@@H](CO)C(O)=O,1
422,422,1-stearoyl-2-oleoyl-GPE (18:0/18:1),PE(18:0/18:1(9Z)),HMDB0008993,9546742,,C00350,,CCCCCCCCCCCCCCCCCC(=O)OC[C@H](COP(=O)(O)OCCN)OC(=O)CCCCCCC/C=C\CCCCCCCC,1
423,423,4-allylphenol sulfate,4-Allylphenol sulfate,HMDB0170765,66633409,133096,,,OS(=O)(=O)OC1=CC=C(CC=C)C=C1,1
424,424,1-stearoyl-2-arachidonoyl-GPC (18:0/20:4),,,,,,,,0
425,425,1-palmitoyl-2-linoleoyl-GPE (16:0/18:2),"PE(16:0/18:2(9Z,12Z))",HMDB0008928,9546747,,C00350,,CCCCCCCCCCCCCCCC(=O)OC[C@H](COP(=O)(O)OCCN)OC(=O)CCCCCCC/C=C\C/C=C\CCCCC,1
426,426,sphinganine-1-phosphate,,,,,,,,0
427,427,glycosyl-N-stearoyl-sphingosine (d18:1/18:0),,,,,,,,0
428,428,succinylcarnitine (C4-DC),,,,,,,,0
429,429,"bilirubin (E,E)*",,,,,,,,0
430,430,"bilirubin (E,Z or Z,E)*",,,,,,,,0
431,431,N-methylproline,N-Methyl-proline,HMDB0094696,643474,90344,,,CN1CCC[C@H]1C(O)=O,1
432,432,beta-cryptoxanthin,beta-Cryptoxanthin,HMDB0033844,6384256,10362,C08591,,CC1=C(C(CCC1)(C)C)/C=C/C(=C/C=C/C(=C/C=C/C=C(\C)/C=C/C=C(\C)/C=C/C2=C(CC(CC2(C)C)O)C)/C)/C,1
433,433,"5alpha-androstan-3beta,17beta-diol disulfate",,,,,,,,0
434,434,"5alpha-pregnan-3beta,20alpha-diol disulfate","5alpha-pregnan-3beta,20alpha-diol disulfate",HMDB0094650,5748360,133119,,,[H][C@@]1(CC[C@@]2([H])[C@]3([H])CC[C@@]4([H])C[C@H](CC[C@]4(C)[C@@]3([H])CC[C@]12C)OS(O)(=O)=O)[C@H](C)OS(O)(=O)=O,1
435,435,glycocholenate sulfate*,,,,,,,,0
436,436,taurocholenate sulfate*,,,,,,,,0
437,437,"androstenediol (3beta,17beta) disulfate (1)",,,,,,,,0
438,438,pregnenediol disulfate (C21H34O8S2)*,,,,,,,,0
439,439,"androstenediol (3beta,17beta) disulfate (2)",,,,,,,,0
440,440,21-hydroxypregnenolone disulfate,,,,,,,,0
441,441,"5alpha-androstan-3alpha,17alpha-diol monosulfate",,,,,,,,0
442,442,"5alpha-pregnan-3beta,20beta-diol monosulfate (1)",,,,,,,,0
443,443,"5alpha-pregnan-3beta,20alpha-diol monosulfate (2)",,,,,,,,0
444,444,5alpha-pregnan-diol disulfate,,,,,,,,0
445,445,"5alpha-androstan-3alpha,17beta-diol disulfate","5alpha-Androstan-3alpha,17beta-diol disulfate",HMDB0094682,56639109,133101,,,[H][C@@]12CC[C@H](OS(O)(=O)=O)[C@@]1(C)CC[C@@]1([H])[C@@]2([H])CC[C@@]2([H])C[C@@H](CC[C@]12C)OS(O)(=O)=O,1
446,446,"5alpha-androstan-3alpha,17beta-diol monosulfate (1)",,,,,,,,0
447,447,"5alpha-androstan-3beta,17alpha-diol disulfate","5alpha-Androstan-3beta,17alpha-diol disulfate",HMDB0240625,90186425,133112,,,[H][C@@]12CC[C@@H](OS(O)(=O)=O)[C@@]1(C)CC[C@@]1([H])[C@@]2([H])CC[C@@]2([H])C[C@H](CC[C@]12C)OS(O)(=O)=O,1
448,448,"5alpha-androstan-3beta,17beta-diol monosulfate (2)",,,,,,,,0
449,449,"androstenediol (3alpha, 17alpha) monosulfate (2)",,,,,,,,0
450,450,"androstenediol (3alpha, 17alpha) monosulfate (3)",,,,,,,,0
451,451,"androstenediol (3beta,17beta) monosulfate (1)",,,,,,,,0
452,452,"androstenediol (3beta,17beta) monosulfate (2)",,,,,,,,0
453,453,1-docosahexaenoyl-GPE (22:6)*,,,,,,,,0
454,454,1-docosapentaenoyl-GPC (22:5n3)*,,,,,,,,0
455,455,pregnenediol sulfate (C21H34O5S)*,,,,,,,,0
456,456,2-hydroxyglutarate,2-Hydroxyglutarate,HMDB0059655,43,17084,C02630,,OC(CCC(O)=O)C(O)=O,1
457,457,gamma-CEHC,gamma-CEHC,HMDB0001931,15887183,,,,CC1=C(O)C=C2CCC(C)(CCC(O)=O)OC2=C1C,1
458,458,N-acetyl-beta-alanine,N-Acetyl-beta-alanine,HMDB0061880,76406,16682,C01073,,CC(=O)NCCC(O)=O,1
459,459,"sphingomyelin (d18:1/18:1, d18:2/18:0)",,,,,,,,0
460,460,palmitoyl sphingomyelin (d18:1/16:0),,,,,,,,0
461,461,3-hydroxyhippurate,3-Hydroxyhippuric acid,HMDB0006116,450268,70824,,,OC(=O)CNC(=O)C1=CC=CC(O)=C1,1
462,462,16a-hydroxy DHEA 3-sulfate,16a-hydroxy DHEA 3-sulfate,HMDB0062544,20848951,87774,,,[H][C@@]12C[C@@H](O)C(=O)[C@@]1(C)CC[C@@]1([H])[C@@]2([H])CC=C2C[C@H](CC[C@]12C)OS(O)(=O)=O,1
463,463,17alpha-hydroxypregnenolone 3-sulfate,,,,,,,,0
464,464,pregnenolone sulfate,Pregnenolone sulfate,HMDB0000774,20845972,,,5740,CC(=O)[C@H]1CC[C@@H]2[C@@]1(CC[C@H]3[C@H]2CC=C4[C@@]3(CCC(C4)OS(=O)(=O)O)C)C,1
465,465,andro steroid monosulfate C19H28O6S (1)*,,,,,,,,0
466,466,ergothioneine,Ergothioneine,HMDB0003045,5351619,4828,C05570,53,C[N+](C)(C)[C@@H](CC1=CNC(=S)N1)C([O-])=O,1
467,467,1-margaroyl-GPE (17:0)*,,,,,,,,0
468,468,1-pentadecanoyl-GPC (15:0)*,,,,,,,,0
469,469,S-methylmethionine,,,,,,,,0
470,470,indole-3-carboxylate,Indole-3-carboxylic acid,HMDB0003320,69867,24809,C19837,3795,OC(=O)C1=CNC2=CC=CC=C12,1
471,471,13-HODE + 9-HODE,,,,,,,,0
472,472,tridecenedioate (C13:1-DC)*,,,,,,,,0
473,473,N-acetyl-3-methylhistidine*,,,,,,,,0
474,474,4-cholesten-3-one,Cholestenone,HMDB0000921,91477,16175,C00599,3898,C[C@H](CCCC(C)C)[C@H]1CC[C@@H]2[C@@]1(CC[C@H]3[C@H]2CCC4=CC(=O)CC[C@]34C)C,1
475,475,cinnamoylglycine,Cinnamoylglycine,HMDB0011621,709625,68616,,,OC(=O)CNC(=O)\C=C\C1=CC=CC=C1,1
476,476,cis-4-decenoylcarnitine (C10:1),,,,,,,,0
477,477,phenylalanylphenylalanine,Phenylalanylphenylalanine,HMDB0013302,6993090,72723,,,N[C@@H](CC1=CC=CC=C1)C(=O)N[C@@H](CC1=CC=CC=C1)C(O)=O,1
478,478,(16 or 17)-methylstearate (a19:0 or i19:0),,,,,,,,0
479,479,"2,3-dihydroxyisovalerate",,,,,,,,0
480,480,3-methylglutaconate,3-Methylglutaconic acid,HMDB0000522,1551553,37245,,5507,C/C(=C\C(=O)O)/CC(=O)O,1
481,481,5-(galactosylhydroxy)-L-lysine,,,,,,,,0
482,482,isoursodeoxycholate,Isoursodeoxycholic acid,HMDB0000686,127601,43419,C17662,5655,C[C@H](CCC(=O)O)[C@H]1CC[C@@H]2[C@@]1(CC[C@H]3[C@H]2[C@H](C[C@H]4[C@@]3(CC[C@@H](C4)O)C)O)C,1
483,483,hydantoin-5-propionate,Hydantoin-5-propionic acid,HMDB0001212,782,28297,C05565,6084,C(CC(=O)O)C1C(=O)NC(=O)N1,1
484,484,sulfate*,,,,,,,,0
485,485,4-hydroxy-2-oxoglutaric acid,4-Hydroxy-2-oxoglutaric acid,HMDB0002070,599,30923,C01127,6471,OC(CC(=O)C(O)=O)C(O)=O,1
486,486,4-hydroxyglutamate,,,,,,,,0
487,487,L-urobilin,L-Urobilin,HMDB0004159,5280818,29023,C05793,7022,CCC1C(C(=O)NC1CC2=N/C(=C/C3=C(C(=C(N3)CC4C(C(C(=O)N4)CC)C)C)CCC(=O)O)/C(=C2C)CCC(=O)O)C,1
488,488,S-methylcysteine,S-Methyl-L-cysteine,HMDB0002108,24417,45658,C22040,6490,CSC[C@@H](N)C(O)=O,1
489,489,androsterone glucuronide,Androsterone glucuronide,HMDB0002829,114833,28832,C11135,2796,C[C@]12CC[C@H](C[C@@H]1CC[C@@H]3[C@@H]2CC[C@]4([C@H]3CCC4=O)C)O[C@H]5[C@@H]([C@H]([C@@H]([C@H](O5)C(=O)O)O)O)O,1
490,490,argininate*,,,,,,,,0
491,491,2-oxoarginine*,,,,,,,,0
492,492,cis-4-decenoate (10:1n6)*,,,,,,,,0
493,493,1-erucoyl-GPC (22:1)*,,,,,,,,0
494,494,1-adrenoyl-GPC (22:4)*,,,,,,,,0
495,495,1-lignoceroyl-GPC (24:0),,,,,,,,0
496,496,1-(1-enyl-palmitoyl)-GPC (P-16:0)*,,,,,,,,0
497,497,1-(1-enyl-oleoyl)-GPC (P-18:1)*,,,,,,,,0
498,498,1-(1-enyl-stearoyl)-GPC (P-18:0)*,,,,,,,,0
499,499,1-methyl-5-imidazoleacetate,Pi-Methylimidazoleacetic acid,HMDB0004988,6451814,70966,,7239,CN1C=NC=C1CC(O)=O,1
500,500,glycoursodeoxycholate,Glycoursodeoxycholic acid,HMDB0000708,12310288,542261,,5676,C[C@H](CCC(=O)NCC(=O)O)[C@H]1CC[C@@H]2[C@@]1(CC[C@H]3[C@H]2[C@H](C[C@H]4[C@@]3(CC[C@H](C4)O)C)O)C,1
501,501,S-methylcysteine sulfoxide,(S)C(S)S-S-Methylcysteine sulfoxide,HMDB0029432,82142,,,,CS(=O)CC(N)C(O)=O,1
502,502,eicosanedioate (C20-DC),,,,,,,,0
503,503,docosadioate (C22-DC),,,,,,,,0
504,504,16-hydroxypalmitate,,,,,,,,0
505,505,oleoyl-linoleoyl-glycerol (18:1/18:2) [1],,,,,,,,0
506,506,oleoyl-linoleoyl-glycerol (18:1/18:2) [2],,,,,,,,0
507,507,1-(1-enyl-palmitoyl)-GPE (P-16:0)*,,,,,,,,0
508,508,1-(1-enyl-stearoyl)-GPE (P-18:0)*,,,,,,,,0
509,509,2-stearoyl-GPI (18:0)*,,,,,,,,0
510,510,N-oleoyltaurine,,,,,,,,0
511,511,linoleoylcarnitine (C18:2)*,,,,,,,,0
512,512,isoleucylalanine,Isoleucyl-Alanine,HMDB0028900,5246009,,,,CCC(C)C(N)C(=O)NC(C)C(O)=O,1
513,513,isoleucylglycine,Isoleucyl-Glycine,HMDB0028907,342532,,,,CCC(C)C(N)C(=O)NCC(O)=O,1
514,514,tryptophylleucine,Tryptophyl-Leucine,HMDB0029087,323786,,,,CC(C)CC(N=C(O)C(N)CC1=CNC2=CC=CC=C12)C(O)=O,1
515,515,N-stearoyltaurine,N-Stearoyltaurine,HMDB0240595,168274,132479,,,CCCCCCCCCCCCCCCCCC(=O)NCCS(O)(=O)=O,1
516,516,carboxyethyl-GABA,N-Carboxyethyl-g-aminobutyric acid,HMDB0002201,2572,,,6542,OC(=O)CCCNCCC(O)=O,1
517,517,beta-citrylglutamate,,,,,,,,0
518,518,trimethylamine N-oxide,Trimethylamine N-oxide,HMDB0000925,1145,15724,C01104,5876,C[N+](C)(C)[O-],1
519,519,imidazole propionate,Imidazolepropionic acid,HMDB0002271,70630,73087,C20522,6585,OC(=O)CCC1=CNC=N1,1
520,520,pregnanediol-3-glucuronide,Pregnanediol-3-glucuronide,HMDB0010318,123796,,C03033,,C[C@@H]([C@H]1CC[C@@H]2[C@@]1(CC[C@H]3[C@H]2CC[C@H]4[C@@]3(CC[C@H](C4)O[C@H]5[C@@H]([C@H]([C@@H]([C@H](O5)C(=O)O)O)O)O)C)C)O,1
521,521,alliin,Isoalliin,HMDB0029441,6122729,,C08295,,C\C=C/S(=O)CC(N)C(O)=O,1
522,522,phenylalanylmethionine,Phenylalanyl-Methionine,HMDB0029001,7010506,74719,,,CSCCC(NC(=O)C(N)CC1=CC=CC=C1)C(O)=O,1
523,523,phenylalanyltryptophan,Phenylalanyl-Tryptophan,HMDB0029006,14410593,74751,,,NC(CC1=CC=CC=C1)C(=O)NC(CC1=CNC2=CC=CC=C12)C(O)=O,1
524,524,valylglycine,Valyl-Glycine,HMDB0029127,6993111,73699,,,CC(C)C(N)C(=O)NCC(O)=O,1
525,525,prolylglycine,Prolylglycine,HMDB0011178,6426709,61695,,,OC(=O)CNC(=O)[C@@H]1CCCN1,1
526,526,N-palmitoylglycine,Palmitoylglycine,HMDB0013034,151008,479285,,,CCCCCCCCCCCCCCCC(=O)NCC(=O)O,1
527,527,lanthionine,Lanthionine,,98504,,,,,1
528,528,2-stearoyl-GPE (18:0)*,,,,,,,,0
529,529,(R)-3-hydroxybutyrylcarnitine,(R)-3-hydroxybutyrylcarnitine,HMDB0062735,90659885,84842,,,[H]C(C)(O)CC(=O)O[C@]([H])(CC([O-])=O)C[N+](C)(C)C,1
530,530,N-acetylcarnosine,N-Acetylcarnosine,HMDB0012881,9903482,,,,CC(=O)NCCC(=O)N[C@H](CC1=CN=CN1)C(O)=O,1
531,531,margaroylcarnitine (C17)*,,,,,,,,0
532,532,glycohyocholate,,,,,,,,0
533,533,retinal,Retinal,HMDB0001358,6436079,17898,C00376,6188,CC1=C(C(CCC1)(C)C)/C=C/C(=C/C=C/C(=C/C=O)/C)/C,1
534,534,2-hydroxydecanoate,2-Hydroxydecanoate,HMDB0094656,5312797,133172,,,CCCCCCCCC(O)C(=O)O,1
535,535,4-methylcatechol sulfate,4-Methylcatechol 1-sulfate,HMDB0240459,54104170,,,,CC1=CC(O)=C(OS(O)(=O)=O)C=C1,1
536,536,3-methyl catechol sulfate (1),,,,,,,,0
537,537,3b-hydroxy-5-cholenoic acid,3b-Hydroxy-5-cholenoic acid,HMDB0000308,92997,384794,,5297,C[C@H](CCC(=O)O)[C@H]1CC[C@@H]2[C@@]1(CC[C@H]3[C@H]2CC=C4[C@@]3(CC[C@@H](C4)O)C)C,1
538,538,guaiacol sulfate,,,,,,,,0
539,539,2-aminooctanoate,DL-2-Aminooctanoic acid,HMDB0000991,69522,75145,,5923,CCCCCCC(N)C(=O)O,1
540,540,gamma-CEHC glucuronide*,,,,,,,,0
541,541,2-piperidinone,2-Piperidinone,HMDB0011749,12665,77761,,,O=C1CCCCN1,1
542,542,N-acetyl-1-methylhistidine*,,,,,,,,0
543,543,indolin-2-one,Indolin-2-one,HMDB0061918,321710,31697,C12312,,OC1=NC2=CC=CC=C2C1,1
544,544,2-aminophenol sulfate,,,,,,,,0
545,545,"sphingomyelin (d18:1/14:0, d16:1/16:0)*",,,,,,,,0
546,546,"sphingomyelin (d18:2/16:0, d18:1/16:1)*",,,,,,,,0
547,547,6-oxopiperidine-2-carboxylate,6-Oxopiperidine-2-carboxylic acid,HMDB0061705,3014237,87998,,,OC(=O)C1CCCC(O)=N1,1
548,548,S-allylcysteine,S-Allylcysteine,HMDB0034323,98280,,C16759,,NC(CSCC=C)C(O)=O,1
549,549,N-delta-acetylornithine,N5-Acetylornithine,HMDB0240589,193343,44673,,,CC(=O)NCCC[C@H](N)C(O)=O,1
550,550,acisoga,,,,,,,,0
551,551,2-aminoheptanoate,,,,,,,,0
552,552,1-eicosapentaenoyl-GPE (20:5)*,,,,,,,,0
553,553,"N2,N5-diacetylornithine","N2,N5-Diacetylornithine",HMDB0240345,65977,133217,,,CC(=O)NCCC[C@H](NC(C)=O)C(O)=O,1
554,554,3-methoxytyramine sulfate,,,,,,,,0
555,555,methionine sulfone,Methionine sulfone,,445282,,,,,1
556,556,cyclo(ala-pro),,,,,,,,0
557,557,1-linolenoyl-GPC (18:3)*,,,,,,,,0
558,558,1-eicosapentaenoyl-GPC (20:5)*,,,,,,,,0
559,559,1-eicosenoyl-GPC (20:1)*,,,,,,,,0
560,560,N-acetylalliin,,,,,,,,0
561,561,1-dihomo-linolenoyl-GPE (20:3n3 or 6)*,,,,,,,,0
562,562,1-(1-enyl-oleoyl)-GPE (P-18:1)*,,,,,,,,0
563,563,O-sulfo-L-tyrosine,O-Sulfotyrosine,HMDB0155722,514186,46215,,,N[C@@H](CC1=CC=C(OS(O)(=O)=O)C=C1)C(O)=O,1
564,564,etiocholanolone glucuronide,Etiocholanolone glucuronide,HMDB0004484,443078,37451,C11136,7064,C[C@]12CC[C@H](C[C@H]1CC[C@@H]3[C@@H]2CC[C@]4([C@H]3CCC4=O)C)O[C@H]5[C@@H]([C@H]([C@@H]([C@H](O5)C(=O)O)O)O)O,1
565,565,17alpha-hydroxypregnanolone glucuronide,,,,,,,,0
566,566,N-acetyltaurine,N-Acetyltaurine,HMDB0240253,159864,84415,,,CC(=O)NCCS(O)(=O)=O,1
567,567,1-docosapentaenoyl-GPC (22:5n6)*,,,,,,,,0
568,568,1-linolenoyl-GPE (18:3)*,,,,,,,,0
569,569,1-oleoyl-GPG (18:1)*,,,,,,,,0
570,570,1-palmitoyl-GPG (16:0)*,,,,,,,,0
571,571,9-hydroxystearate,,,,,,,,0
572,572,3-methylglutarylcarnitine (2),,,,,,,,0
573,573,methyl glucopyranoside (alpha + beta),,,,,,,,0
574,574,alpha-CMBHC glucuronide,,,,,,,,0
575,575,"sphingomyelin (d18:2/14:0, d18:1/14:1)*",,,,,,,,0
576,576,"sphingomyelin (d18:1/24:1, d18:2/24:0)*",,,,,,,,0
577,577,octadecenedioylcarnitine (C18:1-DC)*,,,,,,,,0
578,578,"5alpha-androstan-3alpha,17beta-diol monosulfate (2)",,,,,,,,0
579,579,myristoleoylcarnitine (C14:1)*,,,,,,,,0
580,580,N-formylphenylalanine,N-Formylphenylalanine,HMDB0240317,759256,133534,,,OC(=O)[C@H](CC1=CC=CC=C1)NC=O,1
581,581,cyclo(pro-val),Cyclo(L-prolyl-L-valyl),HMDB0240493,6992261,,,,[H][C@@]12CCCN1C(=O)[C@@]([H])(N=C2O)C(C)C,1
582,582,4-hydroxychlorothalonil,4-Hydroxychlorothalonil,HMDB0240624,34217,133542,,,OC1=C(C#N)C(Cl)=C(C#N)C(Cl)=C1Cl,1
583,583,tyramine O-sulfate,Tyramine-O-sulfate,HMDB0006409,153005,133530,,,NCCC1=CC=C(OS(O)(=O)=O)C=C1,1
584,584,3-hydroxypyridine sulfate,3-Hydroxypyridine sulfate,HMDB0240652,22642043,133559,,,OS(=O)(=O)OC1=CN=CC=C1,1
585,585,phenylacetylcarnitine,,,,,,,,0
586,586,arabonate/xylonate,,,,,,,,0
587,587,methyl-4-hydroxybenzoate sulfate,Methyl-4-hydroxybenzoate sulfate,HMDB0168668,122164837,133532,,,COC(=O)C1=CC=C(OS(O)(=O)=O)C=C1,1
588,588,1-dihomo-linolenylglycerol (20:3),,,,,,,,0
589,589,vanillactate,Vanillactic acid,HMDB0000913,160637,1240674,,5868,COC1=CC(CC(O)C(O)=O)=CC=C1O,1
590,590,eugenol sulfate,Eugenol sulfate,HMDB0135245,180632,133570,,,COC1=C(OS(O)(=O)=O)C=CC(CC=C)=C1,1
591,591,p-cresol glucuronide*,,,,,,,,0
592,592,6-hydroxyindole sulfate,6-Hydroxyindole sulfate,,122198196,,,,,1
593,593,"sphingomyelin (d18:1/20:0, d16:1/22:0)*",,,,,,,,0
594,594,"sphingomyelin (d18:1/20:1, d18:2/20:0)*",,,,,,,,0
595,595,"sphingomyelin (d18:1/20:2, d18:2/20:1, d16:1/22:2)*",,,,,,,,0
596,596,behenoyl sphingomyelin (d18:1/22:0)*,,,,,,,,0
597,597,"sphingomyelin (d18:1/22:1, d18:2/22:0, d16:1/24:1)*",,,,,,,,0
598,598,"sphingomyelin (d18:1/22:2, d18:2/22:1, d16:1/24:2)*",,,,,,,,0
599,599,lignoceroyl sphingomyelin (d18:1/24:0),,,,,,,,0
600,600,"sphingomyelin (d17:1/16:0, d18:1/15:0, d16:1/17:0)*",,,,,,,,0
601,601,dopamine 3-O-sulfate,Dopamine 3-O-sulfate,HMDB0006275,122136,37946,C13690,,NCCC1=CC(OS(O)(=O)=O)=C(O)C=C1,1
602,602,3-hydroxyhexanoate,3-hydroxyhexanoic acid,HMDB0061652,11829482,37049,,,CCC[C@H](O)CC(O)=O,1
603,603,3beta-hydroxy-5-cholestenoate,3 beta-Hydroxy-5-cholestenoate,HMDB0012453,53481407,,C17333,,C[C@H](CCCC(C)C(=O)O)C1CCC2[C@@]1(CCC3C2CC=C4[C@@]3(CC[C@@H](C4)O)C)C,1
604,604,"1,2,3-benzenetriol sulfate (2)",,,,,,,,0
605,605,3-methoxycatechol sulfate (1),,,,,,,,0
606,606,N-acetylkynurenine (2),,,,,,,,0
607,607,C-glycosyltryptophan,C-Glycosyltryptophan,,21775807,,,,,1
608,608,arabitol/xylitol,,,,,,,,0
609,609,N-acetylglucosamine/N-acetylgalactosamine,,,,,,,,0
610,610,adipoylcarnitine (C6-DC),,,,,,,,0
611,611,nonanoylcarnitine (C9),,,,,,,,0
612,612,suberoylcarnitine (C8-DC),,,,,,,,0
613,613,glycochenodeoxycholate 3-sulfate,,,,,,,,0
614,614,glycodeoxycholate 3-sulfate,,,,,,,,0
615,615,taurodeoxycholic acid 3-sulfate,,,,,,,,0
616,616,"trans-3,4-methyleneheptanoate",,,,,,,,0
617,617,linoleoyl ethanolamide,Linoleoyl ethanolamide,HMDB0012252,5283446,64032,,,CCCCC/C=C\C/C=C\CCCCCCCC(=O)NCCO,1
618,618,"1,2-dilinoleoyl-GPC (18:2/18:2)",,,,,,,,0
619,619,1-stearoyl-2-oleoyl-GPC (18:0/18:1),,,,,,,,0
620,620,1-palmitoyl-2-arachidonoyl-GPC (16:0/20:4n6),,,,,,,,0
621,621,1-palmitoyl-2-docosahexaenoyl-GPC (16:0/22:6),,,,,,,,0
622,622,1-stearoyl-2-docosahexaenoyl-GPC (18:0/22:6),,,,,,,,0
623,623,1-(1-enyl-stearoyl)-2-oleoyl-GPC (P-18:0/18:1),,,,,,,,0
624,624,1-(1-enyl-stearoyl)-2-arachidonoyl-GPC (P-18:0/20:4),,,,,,,,0
625,625,1-(1-enyl-stearoyl)-2-oleoyl-GPE (P-18:0/18:1),,,,,,,,0
626,626,"sphingomyelin (d18:1/17:0, d17:1/18:0, d19:1/16:0)",,,,,,,,0
627,627,1-palmitoyl-2-stearoyl-GPC (16:0/18:0),,,,,,,,0
628,628,2-hydroxybutyrate/2-hydroxyisobutyrate,,,,,,,,0
629,629,2-methylcitrate/homocitrate,,,,,,,,0
630,630,oleate/vaccenate (18:1),,,,,,,,0
631,631,isoleucylleucine/leucylisoleucine,,,,,,,,0
632,632,leucylphenylalanine/isoleucylphenylalanine,,,,,,,,0
633,633,1-palmitoleoylglycerol (16:1)*,,,,,,,,0
634,634,palmitoyl dihydrosphingomyelin (d18:0/16:0)*,,,,,,,,0
635,635,tricosanoyl sphingomyelin (d18:1/23:0)*,,,,,,,,0
636,636,"sphingomyelin (d18:2/23:0, d18:1/23:1, d17:1/24:1)*",,,,,,,,0
637,637,"sphingomyelin (d18:2/24:1, d18:1/24:2)*",,,,,,,,0
638,638,1-stearoyl-2-linoleoyl-GPE (18:0/18:2)*,,,,,,,,0
639,639,1-stearoyl-2-arachidonoyl-GPE (18:0/20:4),,,,,,,,0
640,640,1-stearoyl-2-linoleoyl-GPC (18:0/18:2)*,,,,,,,,0
641,641,1-palmitoyl-2-palmitoleoyl-GPC (16:0/16:1)*,,,,,,,,0
642,642,1-palmitoyl-2-eicosapentaenoyl-GPC (16:0/20:5)*,,,,,,,,0
643,643,1-palmitoyl-2-arachidonoyl-GPE (16:0/20:4)*,,,,,,,,0
644,644,1-palmitoyl-2-docosahexaenoyl-GPE (16:0/22:6)*,,,,,,,,0
645,645,1-stearoyl-2-docosahexaenoyl-GPE (18:0/22:6)*,,,,,,,,0
646,646,1-palmitoyl-2-arachidonoyl-GPI (16:0/20:4)*,,,,,,,,0
647,647,1-stearoyl-2-linoleoyl-GPI (18:0/18:2),,,,,,,,0
648,648,gamma-tocopherol/beta-tocopherol,,,,,,,,0
649,649,1-(1-enyl-stearoyl)-2-arachidonoyl-GPE (P-18:0/20:4)*,,,,,,,,0
650,650,1-(1-enyl-palmitoyl)-2-docosahexaenoyl-GPE (P-16:0/22:6)*,,,,,,,,0
651,651,1-(1-enyl-palmitoyl)-2-arachidonoyl-GPE (P-16:0/20:4)*,,,,,,,,0
652,652,1-(1-enyl-stearoyl)-2-docosahexaenoyl-GPE (P-18:0/22:6)*,,,,,,,,0
653,653,1-(1-enyl-palmitoyl)-2-oleoyl-GPE (P-16:0/18:1)*,,,,,,,,0
654,654,1-(1-enyl-palmitoyl)-2-dihomo-linolenoyl-GPC (P-16:0/20:3)*,,,,,,,,0
655,655,1-(1-enyl-palmitoyl)-2-oleoyl-GPC (P-16:0/18:1)*,,,,,,,,0
656,656,1-(1-enyl-palmitoyl)-2-docosahexaenoyl-GPC (P-16:0/22:6)*,,,,,,,,0
657,657,1-(1-enyl-palmitoyl)-2-linoleoyl-GPC (P-16:0/18:2)*,,,,,,,,0
658,658,1-(1-enyl-palmitoyl)-2-arachidonoyl-GPC (P-16:0/20:4)*,,,,,,,,0
659,659,1-(1-enyl-stearoyl)-2-docosahexaenoyl-GPC (P-18:0/22:6)*,,,,,,,,0
660,660,1-stearyl-2-arachidonoyl-GPC (O-18:0/20:4)*,,,,,,,,0
661,661,1-palmityl-2-oleoyl-GPC (O-16:0/18:1)*,,,,,,,,0
662,662,1-palmityl-2-arachidonoyl-GPC (O-16:0/20:4)*,,,,,,,,0
663,663,"sphingomyelin (d18:1/21:0, d17:1/22:0, d16:1/23:0)*",,,,,,,,0
664,664,behenoyl dihydrosphingomyelin (d18:0/22:0)*,,,,,,,,0
665,665,"sphingomyelin (d18:0/18:0, d19:0/17:0)*",,,,,,,,0
666,666,N-palmitoyl-sphinganine (d18:0/16:0),,,,,,,,0
667,667,lactosyl-N-palmitoyl-sphingosine (d18:1/16:0),,,,,,,,0
668,668,1-pentadecanoyl-2-linoleoyl-GPC (15:0/18:2)*,,,,,,,,0
669,669,1-margaroyl-2-oleoyl-GPC (17:0/18:1)*,,,,,,,,0
670,670,1-margaroyl-2-linoleoyl-GPC (17:0/18:2)*,,,,,,,,0
671,671,myristoyl dihydrosphingomyelin (d18:0/14:0)*,,,,,,,,0
672,672,phenylacetylglutamate,,,,,,,,0
673,673,1-stearoyl-2-dihomo-linolenoyl-GPC (18:0/20:3n3 or 6)*,,,,,,,,0
674,674,palmitoyl-linoleoyl-glycerol (16:0/18:2) [1]*,,,,,,,,0
675,675,palmitoyl-linoleoyl-glycerol (16:0/18:2) [2]*,,,,,,,,0
676,676,1-palmitoyl-2-oleoyl-GPI (16:0/18:1)*,,,,,,,,0
677,677,1-stearoyl-2-docosahexaenoyl-GPI (18:0/22:6)*,,,,,,,,0
678,678,1-(1-enyl-palmitoyl)-2-linoleoyl-GPE (P-16:0/18:2)*,,,,,,,,0
679,679,1-oleoyl-2-linoleoyl-GPE (18:1/18:2)*,,,,,,,,0
680,680,1-pentadecanoyl-2-arachidonoyl-GPC (15:0/20:4)*,,,,,,,,0
681,681,1-pentadecanoyl-2-docosahexaenoyl-GPC (15:0/22:6)*,,,,,,,,0
682,682,1-margaroyl-2-arachidonoyl-GPC (17:0/20:4)*,,,,,,,,0
683,683,1-margaroyl-2-docosahexaenoyl-GPC (17:0/22:6)*,,,,,,,,0
684,684,1-arachidoyl-2-arachidonoyl-GPC (20:0/20:4)*,,,,,,,,0
685,685,1-oleoyl-2-docosahexaenoyl-GPC (18:1/22:6)*,,,,,,,,0
686,686,1-linoleoyl-2-docosahexaenoyl-GPC (18:2/22:6)*,,,,,,,,0
687,687,1-palmityl-2-linoleoyl-GPC (O-16:0/18:2)*,,,,,,,,0
688,688,1-(1-enyl-stearoyl)-2-linoleoyl-GPC (P-18:0/18:2)*,,,,,,,,0
689,689,1-myristoyl-2-linoleoyl-GPC (14:0/18:2)*,,,,,,,,0
690,690,1-myristoyl-2-arachidonoyl-GPC (14:0/20:4)*,,,,,,,,0
691,691,1-myristoyl-2-docosahexaenoyl-GPC (14:0/22:6)*,,,,,,,,0
692,692,1-stearoyl-2-docosapentaenoyl-GPC (18:0/22:5n3)*,,,,,,,,0
693,693,1-stearoyl-2-docosapentaenoyl-GPC (18:0/22:5n6)*,,,,,,,,0
694,694,1-palmitoyl-2-adrenoyl-GPC (16:0/22:4)*,,,,,,,,0
695,695,1-stearoyl-2-adrenoyl-GPC (18:0/22:4)*,,,,,,,,0
696,696,1-stearyl-GPC (O-18:0)*,,,,,,,,0
697,697,1-oleoyl-2-dihomo-linolenoyl-GPC (18:1/20:3)*,,,,,,,,0
698,698,1-(1-enyl-palmitoyl)-2-palmitoleoyl-GPC (P-16:0/16:1)*,,,,,,,,0
699,699,1-(1-enyl-palmitoyl)-2-myristoyl-GPC (P-16:0/14:0)*,,,,,,,,0
700,700,1-(1-enyl-palmitoyl)-2-palmitoyl-GPC (P-16:0/16:0)*,,,,,,,,0
701,701,"phosphatidylcholine (16:0/22:5n3, 18:1/20:4)*",,,,,,,,0
702,702,"phosphatidylcholine (18:0/20:5, 16:0/22:5n6)*",,,,,,,,0
703,703,1-stearoyl-2-oleoyl-GPI (18:0/18:1)*,,,,,,,,0
704,704,1-stearoyl-2-dihomo-linolenoyl-GPI (18:0/20:3n3 or 6)*,,,,,,,,0
705,705,1-palmitoyl-2-eicosapentaenoyl-GPE (16:0/20:5)*,,,,,,,,0
706,706,1-stearoyl-2-dihomo-linolenoyl-GPE (18:0/20:3n3 or 6)*,,,,,,,,0
707,707,1-oleoyl-2-arachidonoyl-GPE (18:1/20:4)*,,,,,,,,0
708,708,1-(1-enyl-stearoyl)-2-linoleoyl-GPE (P-18:0/18:2)*,,,,,,,,0
709,709,1-linoleoyl-GPG (18:2)*,,,,,,,,0
710,710,thioproline,Thioproline,,93176,,,,,1
711,711,palmitoylcholine,Palmitoylcholine,HMDB0240592,151731,133677,,,CCCCCCCCCCCCCCCC(=O)OCC[N+](C)(C)C,1
712,712,glycocholate glucuronide (1),,,,,,,,0
713,713,glycochenodeoxycholate glucuronide (1),,,,,,,,0
714,714,(S)-3-hydroxybutyrylcarnitine,,,,,,,,0
715,715,glycosyl-N-palmitoyl-sphingosine (d18:1/16:0),,,,,,,,0
716,716,methylsuccinoylcarnitine,,,,,,,,0
717,717,oleoylcholine,Oleoylcholine,HMDB0240596,59040790,133693,,,CCCCCCCC\C=C/CCCCCCCC(=O)OCC[N+](C)(C)C,1
718,718,arachidonoylcholine,Arachidonoylcholine,HMDB0240583,122198216,133694,,,CCCCC\C=C/C\C=C/C\C=C/C\C=C/CCCC(=O)OCC[N+](C)(C)C,1
719,719,docosahexaenoylcholine,Docosahexaenoylcholine,HMDB0240647,9823108,,,,CC\C=C/C\C=C/C\C=C/C\C=C/C\C=C/C\C=C/CCC(=O)OCC[N+](C)(C)C,1
720,720,dihomo-linolenoyl-choline,Dihomo-gamma-linolenoylcholine,HMDB0240646,,,,,CCCCC\C=C/C\C=C/C\C=C/CCCCCCC(=O)OCC[N+](C)(C)C,1
721,721,1-linoleoyl-2-linolenoyl-GPC (18:2/18:3)*,,,,,,,,0
722,722,1-palmitoleoyl-2-linolenoyl-GPC (16:1/18:3)*,,,,,,,,0
723,723,"phosphatidylcholine (14:0/14:0, 16:0/12:0)",,,,,,,,0
724,724,"phosphatidylcholine (15:0/18:1, 17:0/16:1, 16:0/17:1)*",,,,,,,,0
725,725,1-oleoyl-2-dihomo-linoleoyl-GPC (18:1/20:2)*,,,,,,,,0
726,726,"phosphatidylcholine (18:0/20:2, 20:0/18:2)*",,,,,,,,0
727,727,1-(1-enyl-oleoyl)-2-docosahexaenoyl-GPE (P-18:1/22:6)*,,,,,,,,0
728,728,1-(1-enyl-stearoyl)-2-dihomo-linolenoyl-GPE (P-18:0/20:3)*,,,,,,,,0
729,729,hexadecadienoate (16:2n6),,,,,,,,0
730,730,palmitoleoylcarnitine (C16:1)*,,,,,,,,0
731,731,pimeloylcarnitine/3-methyladipoylcarnitine (C7-DC),,,,,,,,0
732,732,4-hydroxyphenylacetylglutamine,4-Hydroxyphenylacetylglutamine,HMDB0006061,61152160,28036,C05595,,OC(=O)CC[C@H](NC(=O)CC1=CC=C(O)C=C1)C(O)=O,1
733,733,"2,3-dihydroxy-2-methylbutyrate",,,,,,,,0
734,734,2'-O-methylcytidine,2'-O-Methylcytidine,,150971,,,,,1
735,735,2'-O-methyluridine,2'-O-Methyluridine,,102212,,,,,1
736,736,gamma-glutamyl-alpha-lysine,,,,,,,,0
737,737,palmitoyl-oleoyl-glycerol (16:0/18:1) [1]*,,,,,,,,0
738,738,palmitoyl-oleoyl-glycerol (16:0/18:1) [2]*,,,,,,,,0
739,739,oleoyl-oleoyl-glycerol (18:1/18:1)  [1]*,,,,,,,,0
740,740,oleoyl-oleoyl-glycerol (18:1/18:1) [2]*,,,,,,,,0
741,741,linoleoyl-arachidonoyl-glycerol (18:2/20:4) [1]*,,,,,,,,0
742,742,palmitoyl-arachidonoyl-glycerol (16:0/20:4) [2]*,,,,,,,,0
743,743,linoleoyl-linolenoyl-glycerol (18:2/18:3) [2]*,,,,,,,,0
744,744,palmitoleoyl-linoleoyl-glycerol (16:1/18:2) [1]*,,,,,,,,0
745,745,oleoyl-arachidonoyl-glycerol (18:1/20:4) [1]*,,,,,,,,0
746,746,oleoyl-arachidonoyl-glycerol (18:1/20:4) [2]*,,,,,,,,0
747,747,"diacylglycerol (16:1/18:2 [2], 16:0/18:3 [1])*",,,,,,,,0
748,748,linoleoyl-linoleoyl-glycerol (18:2/18:2) [1]*,,,,,,,,0
749,749,stearoyl-arachidonoyl-glycerol (18:0/20:4) [1]*,,,,,,,,0
750,750,stearoyl-arachidonoyl-glycerol (18:0/20:4) [2]*,,,,,,,,0
751,751,perfluorooctanesulfonate (PFOS),,,,,,,,0
752,752,1-palmityl-2-stearoyl-GPC (O-16:0/18:0)*,,,,,,,,0
753,753,1-palmityl-2-palmitoyl-GPC (O-16:0/16:0)*,,,,,,,,0
754,754,1-stearyl-2-docosapentaenoyl-GPC (O-18:0/22:5n3)*,,,,,,,,0
755,755,1-stearoyl-2-docosapentaenoyl-GPE (18:0/22:5n3)*,,,,,,,,0
756,756,1-stearoyl-2-docosapentaenoyl-GPE (18:0/22:5n6)*,,,,,,,,0
757,757,1-stearoyl-2-adrenoyl-GPE (18:0/22:4)*,,,,,,,,0
758,758,1-(1-enyl-stearoyl)-2-docosapentaenoyl-GPE (P-18:0/22:5n3)*,,,,,,,,0
759,759,1-palmitoleoyl-2-eicosapentaenoyl-GPC (16:1/20:5)*,,,,,,,,0
760,760,palmitoyl-docosahexaenoyl-glycerol (16:0/22:6) [1]*,,,,,,,,0
761,761,lactosyl-N-nervonoyl-sphingosine (d18:1/24:1)*,,,,,,,,0
762,762,N-behenoyl-sphingadienine (d18:2/22:0)*,,,,,,,,0
763,763,glycosyl-N-behenoyl-sphingadienine (d18:2/22:0)*,,,,,,,,0
764,764,N-palmitoylserine,,,,,,,,0
765,765,palmitoleoyl-arachidonoyl-glycerol (16:1/20:4) [2]*,,,,,,,,0
766,766,"phosphatidylethanolamine (P-18:1/20:4, P-16:0/22:5n3)*",,,,,,,,0
767,767,1-palmitoyl-2-(hydroxylinoleoyl)-GPC (16:0/18:2(OH))*,,,,,,,,0
768,768,"ceramide (d16:1/24:1, d18:1/22:1)*",,,,,,,,0
769,769,"ceramide (d18:1/14:0, d16:1/16:0)*",,,,,,,,0
770,770,"ceramide (d18:1/17:0, d17:1/18:0)*",,,,,,,,0
771,771,"ceramide (d18:2/24:1, d18:1/24:2)*",,,,,,,,0
772,772,"glycosyl ceramide (d18:2/24:1, d18:1/24:2)*",,,,,,,,0
773,773,"ceramide (d18:1/20:0, d16:1/22:0, d20:1/18:0)*",,,,,,,,0
774,774,stearoylcholine*,,,,,,,,0
775,775,linoleoylcholine*,,,,,,,,0
776,776,"sphingomyelin (d18:0/20:0, d16:0/22:0)*",,,,,,,,0
777,777,"sphingomyelin (d18:1/19:0, d19:1/18:0)*",,,,,,,,0
778,778,sphingomyelin (d18:2/18:1)*,,,,,,,,0
779,779,sphingomyelin (d18:2/24:2)*,,,,,,,,0
780,780,"sphingomyelin (d18:2/21:0, d16:2/23:0)*",,,,,,,,0
781,781,sphingomyelin (d18:2/23:1)*,,,,,,,,0
782,782,"sphingomyelin (d18:1/25:0, d19:0/24:1, d20:1/23:0, d19:1/24:0)*",,,,,,,,0
783,783,"sphingomyelin (d17:2/16:0, d18:2/15:0)*",,,,,,,,0
784,784,linolenoylcarnitine (C18:3)*,,,,,,,,0
785,785,behenoylcarnitine (C22)*,,,,,,,,0
786,786,arachidoylcarnitine (C20)*,,,,,,,,0
787,787,lignoceroylcarnitine (C24)*,,,,,,,,0
788,788,cerotoylcarnitine (C26)*,,,,,,,,0
789,789,ximenoylcarnitine (C26:1)*,,,,,,,,0
790,790,arachidonoylcarnitine (C20:4),,,,,,,,0
791,791,eicosenoylcarnitine (C20:1)*,,,,,,,,0
792,792,dihomo-linoleoylcarnitine (C20:2)*,,,,,,,,0
793,793,dihomo-linolenoylcarnitine (C20:3n3 or 6)*,,,,,,,,0
794,794,docosahexaenoylcarnitine (C22:6)*,,,,,,,,0
795,795,nervonoylcarnitine (C24:1)*,,,,,,,,0
796,796,adrenoylcarnitine (C22:4)*,,,,,,,,0
797,797,"N,N,N-trimethyl-5-aminovalerate",,,,,,,,0
798,798,ethyl alpha-glucopyranoside,,,,,,,,0
799,799,carotene diol (1),,,,,,,,0
800,800,carotene diol (2),,,,,,,,0
801,801,carotene diol (3),,,,,,,,0
802,802,cortolone glucuronide (1),,,,,,,,0
803,803,(N(1) + N(8))-acetylspermidine,,,,,,,,0
804,804,5-dodecenoylcarnitine (C12:1),,,,,,,,0
805,805,2-butenoylglycine,2-Butenoylglycine,,6303498,,,,,1
806,806,hydroxy-CMPF*,,,,,,,,0
807,807,trans-2-hexenoylglycine,,,,,,,,0
808,808,dodecenedioate (C12:1-DC)*,,,,,,,,0
809,809,hexadecenedioate (C16:1-DC)*,,,,,,,,0
810,810,octadecenedioate (C18:1-DC),,,,,,,,0
811,811,octadecadienedioate (C18:2-DC)*,,,,,,,,0
812,812,3-carboxy-4-methyl-5-pentyl-2-furanpropionate (3-CMPFP)**,,,,,,,,0
813,813,glucuronide of C10H18O2 (7)*,,,,,,,,0
814,814,3-hydroxystachydrine*,,,,,,,,0
815,815,N-acetyl-2-aminooctanoate*,,,,,,,,0
816,816,hydroxyasparagine**,,,,,,,,0
817,817,perfluorooctanoate (PFOA),,,,,,,,0
818,818,glyco-beta-muricholate**,,,,,,,,0
819,819,3-formylindole,1H-Indole-3-carboxaldehyde,HMDB0029737,10256,28238,C08493,,O=CC1=CNC2=C1C=CC=C2,1
820,820,pyroglutamylalanine*,,,,,,,,0
821,821,pyroglutamylleucine*,,,,,,,,0
822,822,gamma-glutamylcitrulline*,,,,,,,,0
823,823,glycine conjugate of C10H12O2*,,,,,,,,0
824,824,glycine conjugate of C10H14O2 (1)*,,,,,,,,0
825,825,glutamine conjugate of C7H12O2*,,,,,,,,0
826,826,glutamine conjugate of C6H10O2 (1)*,,,,,,,,0
827,827,glutamine conjugate of C6H10O2 (2)*,,,,,,,,0
828,828,tetradecadienoate (14:2)*,,,,,,,,0
829,829,3-amino-2-piperidone,3-Amino-2-piperidone,HMDB0000323,5200225,76341,,5312,NC1CCCNC1=O,1
830,830,"N,N-dimethylalanine",,,,,,,,0
831,831,3-indoleglyoxylic acid,,,,,,,,0
832,832,ethyl beta-glucopyranoside,,,,,,,,0
833,833,2-hydroxysebacate,2-Hydroxydecanedioic acid,HMDB0000424,128458,89312,,5413,O=C(O)CCCCCCCC(O)C(=O)O,1
834,834,ascorbic acid 3-sulfate*,,,,,,,,0
835,835,6-bromotryptophan,,,,,,,,0
836,836,1-carboxyethylphenylalanine,1-Carboxyethylphenylalanine,HMDB0240628,127261991,,,,C[C@@H](N[C@@H](CC1=CC=CC=C1)C(O)=O)C(O)=O,1
837,837,1-carboxyethylvaline,1-Carboxyethylvaline,HMDB0240627,,,,,CC(C)[C@H](N[C@H](C)C(O)=O)C(O)=O,1
838,838,1-carboxyethylleucine,1-Carboxyethylleucine,HMDB0240626,53752255,,,,CC(C)C[C@H](N[C@H](C)C(O)=O)C(O)=O,1
839,839,1-carboxyethylisoleucine,,,,,,,,0
840,840,dodecadienoate (12:2)*,,,,,,,,0
841,841,N-acetyl-isoputreanine,,,,,,,,0
842,842,glucuronide of piperine metabolite C17H21NO3 (3)*,,,,,,,,0
843,843,glucuronide of piperine metabolite C17H21NO3 (4)*,,,,,,,,0
844,844,glucuronide of piperine metabolite C17H21NO3 (5)*,,,,,,,,0
845,845,sulfate of piperine metabolite C16H19NO3 (2)*,,,,,,,,0
846,846,sulfate of piperine metabolite C16H19NO3 (3)*,,,,,,,,0
847,847,sulfate of piperine metabolite C18H21NO3 (1)*,,,,,,,,0
848,848,2-naphthol sulfate,,,,,,,,0
849,849,4-ethylcatechol sulfate,,,,,,,,0
850,850,11beta-hydroxyandrosterone glucuronide,,,,,,,,0
851,851,"N2-acetyl,N6,N6-dimethyllysine",,,,,,,,0
852,852,deoxycholic acid glucuronide,,,,,,,,0
853,853,4-allylcatechol sulfate,,,,,,,,0
854,854,4-methylhexanoylglutamine,,,,,,,,0
855,855,glycoursodeoxycholic acid sulfate (1),,,,,,,,0
856,856,lithocholate sulfate (1),,,,,,,,0
857,857,2-ketocaprylate,,,,,,,,0
858,858,"2,3-dihydroxy-5-methylthio-4-pentenoate (DMTPA)*",,,,,,,,0
859,859,hydroxypalmitoyl sphingomyelin (d18:1/16:0(OH))**,,,,,,,,0
860,860,branched-chain fatty acid 18:0 (2)**,,,,,,,,0
861,861,tetradecadienedioate (C14:2-DC)*,,,,,,,,0
862,862,pregnenetriol disulfate*,,,,,,,,0
863,863,eicosenedioate (C20:1-DC)*,,,,,,,,0
864,864,"hydroxy-N6,N6,N6-trimethyllysine*",,,,,,,,0
865,865,undecenoylcarnitine (C11:1),,,,,,,,0
866,866,3-decenoylcarnitine,,,,,,,,0
867,867,palmitoyl-sphingosine-phosphoethanolamine (d18:1/16:0),,,,,,,,0
868,868,4-vinylcatechol sulfate,,,,,,,,0
869,869,"3,5-dichloro-2,6-dihydroxybenzoic acid",,,,,,,,0
870,870,(S)-a-amino-omega-caprolactam,,,,,,,,0
871,871,metabolonic lactone sulfate,,,,,,,,0
872,872,vanillic acid glycine,,,,,,,,0
873,873,branched chain 14:0 dicarboxylic acid**,,,,,,,,0
874,874,1-methyl-5-imidazolelactate,,,,,,,,0
875,875,(2 or 3)-decenoate (10:1n7 or n8),,,,,,,,0
876,876,"branched-chain, straight-chain, or cyclopropyl 10:1 fatty acid (1)*",,,,,,,,0
877,877,"3-bromo-5-chloro-2,6-dihydroxybenzoic acid*",,,,,,,,0
878,878,"branched-chain, straight-chain, or cyclopropyl 12:1 fatty acid*",,,,,,,,0
879,879,decadienedioic acid (C10:2-DC)**,,,,,,,,0
880,880,deoxycholic acid 12-sulfate*,,,,,,,,0
881,881,GlcNAc sulfate conjugate of C21H34O2 steroid**,,,,,,,,0
882,882,"cis-3,4-methyleneheptanoate",,,,,,,,0
883,883,"cis-3,4-methyleneheptanoylcarnitine",,,,,,,,0
884,884,N-acetyl-2-aminoadipate,,,,,,,,0
885,885,4-chlorobenzoic acid,4-Chlorobenzoate,METPA0283,,17861,C02370,,,1
886,886,"2,4-di-tert-butylphenol","2,4-Di-tert-butylphenol",HMDB0013816,7311,89188,,,CC(C)(C)C1=CC=C(O)C(=C1)C(C)(C)C,1
887,887,3-hydroxyoctanoylcarnitine (1),,,,,,,,0
888,888,"cis-3,4-methyleneheptanoylglycine",,,,,,,,0
889,889,"bilirubin degradation product, C16H18N2O5 (1)**",,,,,,,,0
890,890,"bilirubin degradation product, C16H18N2O5 (2)**",,,,,,,,0
891,891,"bilirubin degradation product, C17H18N2O4 (1)**",,,,,,,,0
892,892,"bilirubin degradation product, C17H18N2O4 (2)**",,,,,,,,0
893,893,"bilirubin degradation product, C17H18N2O4 (3)**",,,,,,,,0
894,894,"bilirubin degradation product, C17H20N2O5 (1)**",,,,,,,,0
895,895,"bilirubin degradation product, C17H20N2O5 (2)**",,,,,,,,0
896,896,tetrahydrocortisol glucuronide,,,,,,,,0
897,897,"N,N-dimethyl-pro-pro",,,,,,,,0
898,898,oxindolylalanine,,,,,,,,0
899,899,tetrahydrocortisone glucuronide (5),,,,,,,,0
