"Query","Match","HMDB","PubChem","ChEBI","KEGG","METLIN","SMILES","Comment"
"Spermidine","Spermidine","HMDB0001257","1102","16610","C00315","254","NCCCCNCCCN","1"
"L-lysine","Lysine","HMDB0000182","5962","18019","C00047","5200","NCCCC[C@H](N)C(O)=O","1"
"Pipecolate","Pipecolic acid","HMDB0000070","849","17964","C00408","50","OC(=O)C1CCCCN1","1"
"D-ornithine","D-Ornithine","HMDB0003374","71082","16176","C00515","6910","NCCC[C@@H](N)C(O)=O","1"
"Nepsilon,nepsilon,nepsilon-trimethyllysine","NA","NA","NA","NA","NA","NA","NA","0"
"Choline","Choline","HMDB0000097","305","15354","C00114","56","C[N+](C)(C)CCO","1"
"L-histidine","Histidine","HMDB0000177","6274","15971","C00135","21","N[C@@H](CC1=CN=CN1)C(O)=O","1"
"L-arginine","L-Arginine","HMDB0000517","6322","16467","C00062","5502","N[C@@H](CCCNC(N)=N)C(O)=O","1"
"1-methylnicotinamide","1-Methylnicotinamide","HMDB0000699","457","16797","C02918","5667","C[N+]1=CC=CC(=C1)C(N)=O","1"
"Guanidinoacetate","Guanidoacetic acid","HMDB0000128","763","16344","C00581","5163","NC(=N)NCC(O)=O","1"
"alanine","L-Alanine","HMDB0000161","5950","16977","C00041",NA,"C[C@H](N)C(O)=O","1"
"1-methyl-L-histidine","1-Methylhistidine","HMDB0000001","92105","50599","C01152","3741","CN1C=NC(C[C@H](N)C(O)=O)=C1","1"
"Betaine","Betaine","HMDB0000043","247","41139","C00719","287","C[N+](C)(C)CC(O)=O","1"
"L-allo-threonine","L-Allothreonine","HMDB0004041","99289","28718","C05519","7007","C[C@H](O)[C@H](N)C(O)=O","1"
"DL-carnitine","L-Carnitine","HMDB0000062","10917","16347","C00487","52","C[N+](C)(C)C[C@H](O)CC(O)=O","1"
"L-glutamine","Glutamine","HMDB0000641","5961","18050","C00064","5614","N[C@@H](CCC(N)=O)C(O)=O","1"
"Creatinine","Creatinine","HMDB0000562","588","16737","C00791","8","CN1CC(=O)NC1=N","1"
"N-alpha-acetyl-L-asparagine","NA","NA","NA","NA","NA","NA","NA","0"
"Creatine","Creatine","HMDB0000064","586","16919","C00300","7","CN(CC(O)=O)C(N)=N","1"
"LL-2,6-diaminoheptanedioate","Diaminopimelic acid","HMDB0001370","439283","16026","C00666","352","N[C@@H](CCC[C@H](N)C(O)=O)C(O)=O","1"
"Acetylcholine","Acetylcholine","HMDB0000895","187","15355","C01996","57","CC(=O)OCC[N+](C)(C)C","1"
"Prolinamide","L-prolinamide","HMDB0253910","550774",NA,NA,NA,"NC(=O)C1CCCN1","1"
"L-proline","Proline","HMDB0000162","145742","17203","C00148","29","OC(=O)[C@@H]1CCCN1","1"
"Methylimidazoleacetic acid","Methylimidazoleacetic acid","HMDB0002820","75810","1606","C05828","3774","CN1C=NC(CC(O)=O)=C1","1"
"DL-stachydrine","NA","NA","NA","NA","NA","NA","NA","0"
"N-acetylornithine","N2-Acetylornithine","HMDB0003357","439232","16543","C00437",NA,"CC(=O)N[C@@H](CCCN)C(O)=O","1"
"5-oxo-D-proline","5-Oxo-D-proline",NA,NA,NA,"C02237",NA,NA,"1"
"N2-acetyl-L-lysine","N-alpha-Acetyl-L-lysine","HMDB0000446","92907","35704","C12989","5435","CC(=O)N[C@@H](CCCCN)C(O)=O","1"
"Leucine","Leucine","HMDB0000687","6106","15603","C00123","24","CC(C)C[C@H](N)C(O)=O","1"
"O-acetylcarnitine","L-Acetylcarnitine","HMDB0000201","7045767","57589","C02571","5213","CC(=O)O[C@H](CC(O)=O)C[N+](C)(C)C","1"
"Prolylleucine","L-prolyl-L-leucine","HMDB0253028","3527720",NA,NA,NA,"CC(C)CC(N=C(O)C1CCCN1)C(O)=O","1"
"L(-)-carnitine","NA","NA","NA","NA","NA","NA","NA","0"
"N-acetyl-L-cysteine","NA","NA","NA","NA","NA","NA","NA","0"
"Valine","L-Valine","HMDB0000883","6287","16414","C00183","5842","CC(C)[C@H](N)C(O)=O","1"
"Valylproline","Valylproline","HMDB0029135","9837272","73701",NA,NA,"CC(C)[C@H](N)C(=O)N1CCC[C@H]1C(O)=O","1"
"Adipate","Adipic acid","HMDB0000448","196","30832","C06104","115","OC(=O)CCCCC(O)=O","1"
"3-[(4-methylpyrimidin-2-yl)thio]-1-phenylprop-2-en-1-one","NA","NA","NA","NA","NA","NA","NA","0"
"N-acetyl-L-alanine","N-Acetyl-L-alanine","HMDB0000766","88064","40992",NA,"5733","C[C@H](NC(C)=O)C(O)=O","1"
"Ethylenediaminetetraacetic acid (EDTA)","NA","NA","NA","NA","NA","NA","NA","0"
"4-guanidinobutyric acid","4-Guanidinobutanoic acid","HMDB0003464","500","15728","C01035","6938","NC(=N)NCCCC(O)=O","1"
"D-(+)-proline","NA","NA","NA","NA","NA","NA","NA","0"
"1-aminocyclohexanecarboxylic acid","1-Aminocyclohexanecarboxylic acid","HMDB0243822","1366","86534",NA,NA,"NC1(CCCCC1)C(O)=O","1"
"Dihydrobiopterin","Dihydrobiopterin","HMDB0000038","119055","43029","C00268","5106","C[C@H](O)[C@H](O)C1=NC2=C(NC1)NC(N)=NC2=O","1"
"Pyrrole-2-carboxylic acid","Pyrrole-2-carboxylic acid","HMDB0004230","12473","36751","C05942","3787","OC(=O)C1=CC=CN1","1"
"Uric acid","Uric acid","HMDB0000289","1175","17775","C00366","88","O=C1NC2=C(N1)C(=O)NC(=O)N2","1"
"Methionine sulfoxide","Methionine sulfoxide","HMDB0002005","158980","17016","C02989","6428","CS(=O)CC[C@H](N)C(O)=O","1"
"L-methionine","Methionine","HMDB0000696","6137","16643","C00073","5664","CSCC[C@H](N)C(O)=O","1"
"Acetoacetate","acetoacetate","HMDB0304256","6971017","13705",NA,NA,"CC(=O)CC([O-])=O","1"
"Nicotinamide","Niacinamide","HMDB0001406","936","17154","C00153","1497","NC(=O)C1=CC=CN=C1","1"
"Hypoxanthine","Hypoxanthine","HMDB0000157","790","17368","C00262","83","OC1=NC=NC2=C1NC=N2","1"
"N-methyl-L-glutamate","N-methyl-L-glutamic Acid","HMDB0062660","439377","16440","C01046",NA,"CN[C@@H](CCC(O)=O)C(O)=O","1"
"L-tyrosine","L-Tyrosine","HMDB0000158","6057","17895","C00082","34","N[C@@H](CC1=CC=C(O)C=C1)C(O)=O","1"
"Pyroglutamate","Pyroglutamic acid","HMDB0000267","7405","18183","C01879","3251","OC(=O)[C@@H]1CCC(=O)N1","1"
"2-hydroxycinnamic acid","2-Hydroxycinnamic acid","HMDB0002641","637540","18125","C01772","6727","OC(=O)\C=C\C1=C(O)C=CC=C1","1"
"Ofloxacin impurity a","NA","NA","NA","NA","NA","NA","NA","0"
"Uracil","Uracil","HMDB0000300","1174","17568","C00106","258","O=C1NC=CC(=O)N1","1"
"D-alanine","D-Alanine","HMDB0001310","71080","15570","C00133",NA,"C[C@@H](N)C(O)=O","1"
"L-norleucine","L-Norleucine","HMDB0001645","21236","18347","C01933","6334","CCCC[C@H](N)C(O)=O","1"
"4-hydroxybutyric acid (GHB)","NA","NA","NA","NA","NA","NA","NA","0"
"Cotinine","Cotinine","HMDB0001046","408","127762",NA,"1531","CN1C(CCC1=O)C1=CN=CC=C1","1"
"Cytosine","Cytosine","HMDB0000630","597","16040","C00380","283","NC1=CC=NC(=O)N1","1"
"L-isoleucine","Isoleucine","HMDB0000172","6306","17191","C00407","5193","CC[C@H](C)[C@H](N)C(O)=O","1"
"Dihydrothymine","Dihydrothymine","HMDB0000079","676414","27468","C00906","5135","C[C@H]1CNC(=O)NC1=O","1"
"Propionylcarnitine","Propionylcarnitine","HMDB0000824","188824","53210","C03017","5787","CCC(=O)O[C@H](CC(O)=O)C[N+](C)(C)C","1"
"Adenosine","Adenosine","HMDB0000050","60961","16335","C00212","86","NC1=C2N=CN([C@@H]3O[C@H](CO)[C@@H](O)[C@H]3O)C2=NC=N1","1"
"Glutarylcarnitine","Glutarylcarnitine","HMDB0013130","53481699","82952",NA,NA,"C[N+](C)(C)C[C@@H](CC(O)=O)OC(=O)CCCC(O)=O","1"
"Guanine","Guanine","HMDB0000132","764","16235","C00242","315","NC1=NC(=O)C2=C(N1)N=CN2","1"
"L-5-hydroxytryptophan","5-Hydroxy-L-tryptophan","HMDB0000472","439280","17780","C00643",NA,"N[C@@H](CC1=CNC2=C1C=C(O)C=C2)C(O)=O","1"
"Docosahexaenoic acid methyl ester","NA","NA","NA","NA","NA","NA","NA","0"
"Nervonic acid methyl ester","NA","NA","NA","NA","NA","NA","NA","0"
"Methyl-2-aminobenzoate","NA","NA","NA","NA","NA","NA","NA","0"
"Docosapentaenoic acid methyl ester","NA","NA","NA","NA","NA","NA","NA","0"
"Methanandamide","N-(1-Hydroxypropan-2-yl)icosa-5,8,11,14-tetraenamide","HMDB0243685","1293",NA,NA,NA,"CCCCCC=CCC=CCC=CCC=CCCCC(=O)NC(C)CO","1"
"Methyl palmitate","Methyl hexadecanoic acid","HMDB0061859","8181","69187","C16995",NA,"CCCCCCCCCCCCCCCC(=O)OC","1"
"Cis-12-octadecenoic acid methyl ester","NA","NA","NA","NA","NA","NA","NA","0"
"Alpha-tocopherol","alpha-Tocopherol","HMDB0001893","14985","18145","C02477","6376","CC(C)CCC[C@@H](C)CCC[C@@H](C)CCC[C@]1(C)CCC2=C(C)C(O)=C(C)C(C)=C2O1","1"
"Cholecalciferol","Vitamin D3","HMDB0000876","5280795","28940","C05443","222","[H][C@@]1(CC[C@@]2([H])\C(CCC[C@]12C)=C\C=C1\C[C@@H](O)CCC1=C)[C@H](C)CCCC(C)C","1"
"Cholest-4-en-3-one","Cholestenone","HMDB0000921","91477","16175","C00599","3898","[H][C@@]1(CC[C@@]2([H])[C@]3([H])CCC4=CC(=O)CC[C@]4(C)[C@@]3([H])CC[C@]12C)[C@H](C)CCCC(C)C","1"
"Palmitoyl sphingomyelin","SM(d18:1/16:0)","HMDB0010169","9939941","78646","C00550",NA,"[H][C@@](COP([O-])(=O)OCC[N+](C)(C)C)(NC(=O)CCCCCCCCCCCCCCC)[C@H](O)\C=C\CCCCCCCCCCCCC","1"
"dipalmitoylphosphatidylcholine","PC(32:0)","HMDB0000564","452110","72999","C00157","5548","[H][C@@](COC(=O)CCCCCCCCCCCCCCC)(COP([O-])(=O)OCC[N+](C)(C)C)OC(=O)CCCCCCCCCCCCCCC","1"
"C-8 ceramide-1-phosphate","NA","NA","NA","NA","NA","NA","NA","0"
"Indole-3-acetamide","Indole-3-acetamide","HMDB0029739","397","16031","C02693",NA,"NC(=O)CC1=CNC2=C1C=CC=C2","1"
"4-pyridoxate","4-Pyridoxic acid","HMDB0000017","6723","17405","C00847","239","CC1=NC=C(CO)C(C(O)=O)=C1O","1"
"Inosine","Inosine","HMDB0000195","6021","17596","C00294","84","OC[C@H]1O[C@H]([C@H](O)[C@@H]1O)N1C=NC2=C(O)N=CN=C12","1"
"3-methoxytyrosine","3-Methoxytyrosine","HMDB0001434","1670",NA,NA,NA,"COC1=C(O)C=CC(CC(N)C(O)=O)=C1","1"
"3-methylglutaric acid","Methylglutaric acid","HMDB0000752","12284","68566",NA,"5720","CC(CC(O)=O)CC(O)=O","1"
"Tetramethylene sulfoxide","Tetramethylene sulfoxide","HMDB0258917",NA,NA,NA,NA,"O=S1CCCC1","1"
"6-aminonicotinic acid","NA","NA","NA","NA","NA","NA","NA","0"
"7-methylxanthine","7-Methylxanthine","HMDB0001991","68374","48991","C16353",NA,"CN1C=NC2=C1C(=O)NC(=O)N2","1"
"1-methyluric acid","1-Methyluric acid","HMDB0003099","69726","68441","C16359","2821","CN1C(=O)NC2=C(NC(=O)N2)C1=O","1"
"Isoxanthopterin","Isoxanthopterin","HMDB0000704","10729","16713","C03975","5672","NC1=NC(=O)C2=C(N1)NC(=O)C=N2","1"
"Pyrrole-2-carboxylate","Pyrrole-2-carboxylic acid","HMDB0004230","12473","36751","C05942","3787","OC(=O)C1=CC=CN1","1"
"4-methyl-5-thiazoleethanol","5-(2-Hydroxyethyl)-4-methylthiazole","HMDB0032985","1136","17957","C04294",NA,"CC1=C(CCO)SC=N1","1"
"Tyrosylalanine","Tyrosyl-Alanine","HMDB0029098","4078684",NA,NA,NA,"CC(NC(=O)C(N)CC1=CC=C(O)C=C1)C(O)=O","1"
"1-methylguanine","1-Methylguanine","HMDB0003282","70315","21803","C04152","3778","CN1C(N)=NC2=C(NC=N2)C1=O","1"
"Ophthalmic acid","Ophthalmic acid","HMDB0005765","7018721","84058","C21016",NA,"CC[C@H](NC(=O)CC[C@H](N)C(O)=O)C(=O)NCC(O)=O","1"
"Nipecotic acid","Nipecotic acid","HMDB0255618","4498","116931",NA,NA,"OC(=O)C1CCCNC1","1"
"5-hydroxyindoleacetate","5-Hydroxyindoleacetic acid","HMDB0000763","1826","27823","C05635","2975","OC(=O)CC1=CNC2=C1C=C(O)C=C2","1"
"8-hydroxyquinoline","NA","NA","NA","NA","NA","NA","NA","0"
"5-valerolactone","NA","NA","NA","NA","NA","NA","NA","0"
"L-kynurenine","Kynurenine","HMDB0000684","161166","16946","C00328","72","N[C@@H](CC(=O)C1=CC=CC=C1N)C(O)=O","1"
"3-methylxanthine","3-Methylxanthine","HMDB0001886","70639","62207","C16357","2820","CN1C2=C(NC=N2)C(=O)NC1=O","1"
"2-{2-[5-(ethoxycarbonyl)-2-morpholinoanilino]-2-oxoethoxy}acetic acid","NA","NA","NA","NA","NA","NA","NA","0"
"6-methyl-2-pyridinemethanol","NA","NA","NA","NA","NA","NA","NA","0"
"4-imidazoleacetic acid","Imidazoleacetic acid","HMDB0002024","96215","16974","C02835","6445","OC(=O)CC1=CN=CN1","1"
"2'-O-methylguanosine","2'-O-Methylguanosine",NA,"135406950",NA,NA,NA,NA,"1"
"3-methoxytyramine","3-Methoxytyramine","HMDB0000022","1669","742324","C05587","5094","COC1=C(O)C=CC(CCN)=C1","1"
"2-aminooctanedioic acid","NA","NA","NA","NA","NA","NA","NA","0"
"L-phenylalanine","Phenylalanine","HMDB0000159","6140","17295","C00079","28","N[C@@H](CC1=CC=CC=C1)C(O)=O","1"
"Ecgonine","Ecgonine","HMDB0006548","443003","708641","C10858",NA,"CN1C2CCC1[C@H]([C@@H](O)C2)C(O)=O","1"
"Biotin","Biotin","HMDB0000030","171548","15956","C00120","243","[H][C@]12CS[C@@H](CCCCC(O)=O)[C@@]1([H])NC(=O)N2","1"
"Pyridoxamine","Pyridoxamine","HMDB0001431","1052","16410","C00534","238","CC1=C(O)C(CN)=C(CO)C=N1","1"
"3-hydroxy-5-(hydroxymethyl)-2-methylisonicotinaldehyde oxime","NA","NA","NA","NA","NA","NA","NA","0"
"1-methyladenosine","1-Methyladenosine","HMDB0003331","27476","16020","C02494","6888","CN1C=NC2=C(N=CN2[C@@H]2O[C@H](CO)[C@@H](O)[C@H]2O)C1=N","1"
"Isovanillic acid","Isovanillic acid","HMDB0060003","12575","63798",NA,NA,"COC1=CC=C(C=C1O)C(O)=O","1"
"4-acetamidobutanoate","4-Acetamidobutanoic acid","HMDB0003681","18189","17645","C02946",NA,"CC(=O)NCCCC(O)=O","1"
"5-aminonicotinic acid","NA","NA","NA","NA","NA","NA","NA","0"
"Indole-3-acetyl-L-aspartic acid","L-N-(1H-Indol-3-ylacetyl)aspartic acid","HMDB0038666","4656408",NA,NA,NA,"OC(=O)CC(NC(=O)CC1=CNC2=C1C=CC=C2)C(O)=O","1"
"Perillartine","Perilla sugar","HMDB0035652","5365782",NA,NA,NA,"CC(=C)C1CCC(\C=N\O)=CC1","1"
"Hypoglycin a","L-Hypoglycin A","HMDB0029427","9081","136270","C08287",NA,"NC(CC1CC1=C)C(O)=O","1"
"Cathine","NA","NA","NA","NA","NA","NA","NA","0"
"4-hydroxyindole","4-Hydroxyindole",NA,"75421",NA,NA,NA,NA,"1"
"Theobromine","Theobromine","HMDB0002825","5429","28946","C07480","1456","CN1C=NC2=C1C(O)=NC(=O)N2C","1"
"Ornithine","Ornithine","HMDB0000214","6262","15729","C00077","27","NCCC[C@H](N)C(O)=O","1"
"Glycyl-L-leucine","Glycylleucine","HMDB0000759","92843","73514","C02155","5727","CC(C)C[C@H](NC(=O)CN)C(O)=O","1"
"N-acetylproline","N-Acetylproline","HMDB0094701","66141","21560",NA,NA,"[H][C@]1(CCCN1C(C)=O)C(O)=O","1"
"Noradrenaline","Norepinephrine","HMDB0000216","439260","18357","C00547","5226","NC[C@H](O)C1=CC(O)=C(O)C=C1","1"
"Pantothenic acid","Pantothenic acid","HMDB0000210","6613","46905","C00864",NA,"CC(C)(CO)[C@@H](O)C(=O)NCCC(O)=O","1"
"Phosphocholine","Phosphorylcholine","HMDB0001565","1014","18132","C00588","6326","C[N+](C)(C)CCOP(O)(O)=O","1"
"Phloroglucinol","4a-Carbinolamine tetrahydrobiopterin","HMDB0002215","133246","43120","C00268","6552","[H][C@@]1(CN=C2NC(N)=NC(=O)C2=N1)[C@@H](O)[C@H](C)O","1"
"N-acetyltyramine","NA","NA","NA","NA","NA","NA","NA","0"
"Sulfamethoxazole hydroxylamine","NA","NA","NA","NA","NA","NA","NA","0"
"Tert-butyl N-[1-(aminocarbonyl)-3-methylbutyl]carbamate","NA","NA","NA","NA","NA","NA","NA","0"
"Cytidine 5'-monophosphate","Cytidine monophosphate","HMDB0000095","6131","17361","C00055","5143","NC1=NC(=O)N(C=C1)[C@@H]1O[C@H](COP(O)(O)=O)[C@@H](O)[C@H]1O","1"
"4-coumaric acid","4-Coumaryl alcohol","HMDB0003654","5280535","64555","C02646","6971","OC\C=C\C1=CC=C(O)C=C1","1"
"Diacetyl","Diacetyl","HMDB0003407","650","16583","C00741","6921","CC(=O)C(C)=O","1"
"Minocycline","Minocycline","HMDB0015152","54675783","50694","C07225",NA,"[H][C@@]12CC3=C(C(O)=CC=C3N(C)C)C(=O)C1=C(O)[C@]1(O)C(=O)C(C(N)=O)=C(O)[C@@H](N(C)C)[C@]1([H])C2","1"
"Pyridoxine","Pyridoxine","HMDB0000239","1054","16709","C00314","5245","CC1=C(O)C(CO)=C(CO)C=N1","1"
"Indole","Indole","HMDB0000738","798","16881","C00463","286","N1C=CC2=C1C=CC=C2","1"
"6-methylquinoline","6-Methylquinoline","HMDB0033115","7059",NA,NA,NA,"CC1=CC2=C(C=C1)N=CC=C2","1"
"4-indolecarbaldehyde","NA","NA","NA","NA","NA","NA","NA","0"
"DL-tryptophan","D-Tryptophan","HMDB0013609","9060","16296","C00525",NA,"N[C@H](CC1=CNC2=C1C=CC=C2)C(O)=O","1"
"Indole-3-acrylic acid","Indoleacrylic acid","HMDB0000734","5375048","132244",NA,"5702","OC(=O)\C=C\C1=CNC2=C1C=CC=C2","1"
"L-tryptophan","L-Tryptophan","HMDB0000929","6305","16828","C00078","5879","N[C@@H](CC1=CNC2=C1C=CC=C2)C(O)=O","1"
"Homogentisate","Homogentisic acid","HMDB0000130","780","44747","C00544","331","OC(=O)CC1=C(O)C=CC(O)=C1","1"
"Trimethoprim impurity c","NA","NA","NA","NA","NA","NA","NA","0"
"4-aminobenzoate","4-aminobenzoate","HMDB0304171","4876","17836",NA,NA,"NC1=CC=C(C=C1)C([O-])=O","1"
"2-hydroxyhippuric acid","Salicyluric acid","HMDB0000840","10253","9008","C07588","617","OC(=O)CNC(=O)C1=C(O)C=CC=C1","1"
"3-methoxybenzaldehyde","3-Methoxybenzaldehyde","HMDB0031459","11569","136805",NA,NA,"COC1=CC(C=O)=CC=C1","1"
"Paraxanthine","Paraxanthine","HMDB0001860","4687","25858","C13747","1457","CN1C=NC2=C1C(=O)N(C)C(=O)N2","1"
"Isobutyraldehyde","2-Methylpropanal","HMDB0031243","6561","48943","C03219",NA,"CC(C)C=O","1"
"Coumarin","Coumarin","HMDB0001218","323","28794","C05851","3525","O=C1OC2=CC=CC=C2C=C1","1"
"Sulfisoxazole","Sulfisoxazole","HMDB0014408","5344","102484","C07318",NA,"CC1=NOC(NS(=O)(=O)C2=CC=C(N)C=C2)=C1C","1"
"2-oxindole","1,3-Dihydro-(2H)-indol-2-one","HMDB0061918","321710","31697","C12312",NA,"O=C1CC2=CC=CC=C2N1","1"
"2-{2-oxo-2-[4-(1H-pyrroL-1-yl)piperidino]ethoxy}acetic acid","NA","NA","NA","NA","NA","NA","NA","0"
"5'-methylthioadenosine","5'-Methylthioadenosine","HMDB0001173","439176","17509","C00170","3425","CSC[C@H]1O[C@H]([C@H](O)[C@@H]1O)N1C=NC2=C1N=CN=C2N","1"
"N-acetyl-L-tyrosine","N-Acetyl-L-tyrosine","HMDB0000866","68310","21563","C01657",NA,"CC(=O)N[C@@H](CC1=CC=C(O)C=C1)C(O)=O","1"
"Nicotinuric acid","Nicotinuric acid","HMDB0003269","68499","7563","C05380","1499","OC(=O)CNC(=O)C1=CN=CC=C1","1"
"Theophylline","Theophylline","HMDB0001889","2153","28177","C07130","1458","CN1C2=C(NC=N2)C(=O)N(C)C1=O","1"
"aspartylphenylalanine","Aspartylphenylalanine","HMDB0000706","93078","73830",NA,"5674","N[C@@H](CC(O)=O)C(=O)N[C@@H](CC1=CC=CC=C1)C(O)=O","1"
"Leucylproline","Leucylproline","HMDB0011175","80817","73580",NA,NA,"CC(C)C[C@H](N)C(=O)N1CCC[C@H]1C(O)=O","1"
"Caprolactam","Epsilon-caprolactam","HMDB0062769","7768","28579","C06593",NA,"O=C1CCCCCN1","1"
"2-methoxyresorcinol","2-Methoxy-1,3-benzenediol","HMDB0133970","121805",NA,NA,NA,"COC1=C(O)C=CC=C1O","1"
"Aniline-2-sulfonate","NA","NA","NA","NA","NA","NA","NA","0"
"2-(1-adamantylcarbonyl)hydrazine-1-carbothioamide","NA","NA","NA","NA","NA","NA","NA","0"
"Isoferulic acid","Isoferulic acid","HMDB0000955","736186","27794","C10470","5901","COC1=C(O)C=C(\C=C\C(O)=O)C=C1","1"
"Ofloxacin methyl ester","NA","NA","NA","NA","NA","NA","NA","0"
"Xanthurenic acid","Xanthurenic acid","HMDB0000881","5699","10072","C02470","5841","OC(=O)C1=NC2=C(O)C=CC=C2C(O)=C1","1"
"N-acetyldopamine","N-Acetyldopamine","HMDB0041943","100526","125678",NA,NA,"CC(O)=NCCC1=CC(O)=C(O)C=C1","1"
"Nadoxolol","NA","NA","NA","NA","NA","NA","NA","0"
"7-(-hydroxyethyl)theophylline","NA","NA","NA","NA","NA","NA","NA","0"
"Salsolinol","Salsolinol","HMDB0042012","91588","113","C09642",NA,"[H][C@@]1(C)NCCC2=CC(O)=C(O)C=C12","1"
"N-acetylhistamine","N-Acetylhistamine","HMDB0013253","69602","28483","C05135",NA,"CC(=O)NCCC1=CN=CN1","1"
"Sinapine","Sinapine","HMDB0029379","89287","16353","C00933",NA,"COC1=CC(\C=C\C(=O)OCC[N+](C)(C)C)=CC(OC)=C1O","1"
"Trans-3-hydroxycotinine","Hydroxycotinine","HMDB0001390","10219774",NA,NA,"6210","CN1[C@@H](CC(O)C1=O)C1=CN=CC=C1","1"
"4-hydroxybenzoate","4-hydroxybenzoate","HMDB0304180","105001","17879",NA,NA,"OC1=CC=C(C=C1)C([O-])=O","1"
"Syringic acid","Syringic acid","HMDB0002085","10742","68329","C10833","2256","COC1=CC(=CC(OC)=C1O)C(O)=O","1"
"4-methylumbelliferyl glucuronide","4-Methylumbelliferone glucuronide","HMDB0240464","91553","1904","C11584",NA,"[H][C@@]1(OC2=CC3=C(C=C2)C(C)=CC(=O)O3)O[C@]([H])(C(O)=O)[C@@]([H])(O)[C@]([H])(O)[C@@]1([H])O","1"
"2-quinolinecarboxylic acid","Quinaldic acid","HMDB0000842","7124","18386","C06325","5805","OC(=O)C1=NC2=C(C=CC=C2)C=C1","1"
"4-hydroxy-2-quinolinecarboxylic acid","Kynurenic acid","HMDB0000715","3845","18344","C01717","5683","OC(=O)C1=CC(=O)C2=CC=CC=C2N1","1"
"2-aminobenzothiazole","2-Aminobenzothiazole","HMDB0245009","8706",NA,NA,NA,"N=C1NC2=CC=CC=C2S1","1"
"N-acetyl-L-phenylalanine","N-Acetyl-L-phenylalanine","HMDB0000512","74839","16259","C03519","5498","CC(=O)N[C@@H](CC1=CC=CC=C1)C(O)=O","1"
"Hippurate","Hippuric acid","HMDB0000714","464","18089","C01586","1301","OC(=O)CNC(=O)C1=CC=CC=C1","1"
"Allyl 2-(1H-benzimidazoL-2-yl)-2-cyano-n-phenylethanimidothioate","NA","NA","NA","NA","NA","NA","NA","0"
"Methyl 3-(isonicotinoylamino)-4-methylbenzoate","NA","NA","NA","NA","NA","NA","NA","0"
"Ethyl 4-(2-methoxyphenyl)piperazine-1-carboxylate","NA","NA","NA","NA","NA","NA","NA","0"
"D-tryptophan","D-Tryptophan","HMDB0013609","9060","16296","C00525",NA,"N[C@H](CC1=CNC2=C1C=CC=C2)C(O)=O","1"
"4-hydroxyphenylacetic acid","p-Hydroxyphenylacetic acid","HMDB0000020","127","18101","C00642","130","OC(=O)CC1=CC=C(O)C=C1","1"
"L(+)-ornithine","NA","NA","NA","NA","NA","NA","NA","0"
"Galactose 1-phosphate","Galactose 1-phosphate","HMDB0000645","123912","17973","C00446","5618","OC[C@H]1O[C@H](OP(O)(O)=O)[C@H](O)[C@@H](O)[C@H]1O","1"
"4-oxo-4-[(3-oxo-2-decanyl)amino]butanoic acid","NA","NA","NA","NA","NA","NA","NA","0"
"Pipecolic acid","Pipecolic acid","HMDB0000070","849","17964","C00408","50","OC(=O)C1CCCCN1","1"
"Ofloxacin impurity e","NA","NA","NA","NA","NA","NA","NA","0"
"N-acetyl-L-leucine","N-Acetyl-Leu","HMDB0011756","70912","17786","C02710",NA,"CC(C)C[C@H](NC(C)=O)C(O)=O","1"
"2-methyl-5-propionylfuran","NA","NA","NA","NA","NA","NA","NA","0"
"Caffeine","Caffeine","HMDB0001847","2519","27732","C07481","1455","CN1C=NC2=C1C(=O)N(C)C(=O)N2C","1"
"L-pyroglutamic acid","Pyroglutamic acid","HMDB0000267","7405","18183","C01879","3251","OC(=O)[C@@H]1CCC(=O)N1","1"
"N-phenylacetylglutamine","Phenylacetylglutamine","HMDB0006344","92258","17884","C04148",NA,"NC(=O)CC[C@H](NC(=O)CC1=CC=CC=C1)C(O)=O","1"
"4-hydroxybenzaldehyde","4-Hydroxybenzaldehyde","HMDB0011718","126","17597","C00633",NA,"OC1=CC=C(C=O)C=C1","1"
"N-benzylformamide","N-benzylformamide","HMDB0304423",NA,"41117","C15561",NA,"O=CNCC1=CC=CC=C1","1"
"N-acetylmethionine","N-Acetyl-L-methionine","HMDB0011745","448580","21557","C02712",NA,"CSCC[C@H](NC(C)=O)C(O)=O","1"
"Methyl picolinate","NA","NA","NA","NA","NA","NA","NA","0"
"Trans-3-hexenoic acid","NA","NA","NA","NA","NA","NA","NA","0"
"Cytidine 5'-monophosphate (hydrate)","NA","NA","NA","NA","NA","NA","NA","0"
"Pyridoxal","Pyridoxal","HMDB0001545","1050","17310","C00250","6312","CC1=NC=C(CO)C(C=O)=C1O","1"
"Esculetin","Aesculetin","HMDB0030819","5281416","490095","C09263",NA,"OC1=C(O)C=C2C=CC(=O)OC2=C1","1"
"Piperonylonitrile","NA","NA","NA","NA","NA","NA","NA","0"
"Cysteinylglycine","Cysteinylglycine","HMDB0000078","439498","4047","C01419","5134","N[C@@H](CS)C(=O)NCC(O)=O","1"
"4-{[(3-methyl-2-thienyl)methyl]amino}-4-oxobutanoic acid","NA","NA","NA","NA","NA","NA","NA","0"
"Methyl 2-cyano-3-(dimethylamino)acrylate","NA","NA","NA","NA","NA","NA","NA","0"
"Indole-3-ethanol","Tryptophol","HMDB0003447","10685","17890","C00955","6932","OCCC1=CNC2=C1C=CC=C2","1"
"Ferulate","Ferulic acid","HMDB0000954","445858","17620","C01494","4156","COC1=C(O)C=CC(\C=C\C(O)=O)=C1","1"
"Scopoletin","Scopoletin","HMDB0034344","5280460","17488","C01752",NA,"COC1=C(O)C=C2OC(=O)C=CC2=C1","1"
"3-[1-(2-carboxyethyl)-1H-benzo[d]imidazol-2-yl]propanoic acid","NA","NA","NA","NA","NA","NA","NA","0"
"L-dopa","DOPA","HMDB0000181","6047","15765","C00355","42","N[C@@H](CC1=CC=C(O)C(O)=C1)C(O)=O","1"
"17-ethynylestradiol","17a-Ethynylestradiol","HMDB0001926","5991","4903","C07534","6392","[H][C@@]12CC[C@@](O)(C#C)[C@@]1(C)CC[C@]1([H])C3=C(CC[C@@]21[H])C=C(O)C=C3","1"
"Methyl N-(4-methoxyphenyl)-[3-(trifluoromethyl)anilino]methanimidothioate","NA","NA","NA","NA","NA","NA","NA","0"
"Phenylacetylglycine","Phenylacetylglycine","HMDB0000821","68144","27480","C05598","4237","OC(=O)CNC(=O)CC1=CC=CC=C1","1"
"Scoparone","Scoparone","HMDB0030818","8417","9055","C09311",NA,"COC1=C(OC)C=C2C=CC(=O)OC2=C1","1"
"Myristicin","Myristicin","HMDB0035873","4276",NA,"C10480",NA,"COC1=CC(CC=C)=CC2=C1OCO2","1"
"Trans-anethole","Anethole","HMDB0030837","1549040","78412","C10428",NA,"COC1=CC=C(\C=C/C)C=C1","1"
"2-amino-4-cresol","NA","NA","NA","NA","NA","NA","NA","0"
"Anthranilic acid","2-Aminobenzoic acid","HMDB0001123","227","30754","C00108","6018","NC1=CC=CC=C1C(O)=O","1"
"Resorcinol monoacetate","Resorcinol monoacetate","HMDB0257165","5055","29672","C12064",NA,"CC(=O)OC1=CC=CC(O)=C1","1"
"D-(+)-camphor","Camphor","HMDB0059838","159055","15396","C00808",NA,"[H][C@@]12CC[C@@](C)(C(=O)C1)C2(C)C","1"
"5-methyl-N-(pyridin-3-ylmethyl)isoxazol-3-amine","NA","NA","NA","NA","NA","NA","NA","0"
"Sulfamethoxazole","Sulfamethoxazole","HMDB0015150","5329","9332","C07315",NA,"CC1=CC(NS(=O)(=O)C2=CC=C(N)C=C2)=NO1","1"
"Sinapinic acid","Sinapic acid","HMDB0032616","637775","15714","C00482",NA,"COC1=CC(\C=C\C(O)=O)=CC(OC)=C1O","1"
"Fenethylline","Fenethylline","HMDB0252198","19527",NA,NA,NA,"CC(CC1=CC=CC=C1)NCCN1C=NC2=C1C(=O)N(C)C(=O)N2C","1"
"4-anisic acid","p-Anisic acid","HMDB0001101","7478","40813","C02519",NA,"COC1=CC=C(C=C1)C(O)=O","1"
"Kojic acid","Kojic acid","HMDB0032923","3840","43572","C14516",NA,"OCC1=CC(=O)C(O)=CO1","1"
"Salicylic acid","Salicylic acid","HMDB0001895","338","16914","C00805","616","OC(=O)C1=C(O)C=CC=C1","1"
"Norfentanyl","norfentanyl","HMDB0061006","259381","62685",NA,NA,"CCC(=O)N(C1CCNCC1)C1=CC=CC=C1","1"
"alpha-hydroxyhippuric acid","Alpha-Hydroxyhippuric acid","HMDB0002404","450272","68451",NA,"6667","OC(NC(=O)C1=CC=CC=C1)C(O)=O","1"
"Retrorsine","(1R,4E,6S,7S,17R)-4-Ethylidene-7-hydroxy-7-(hydroxymethyl)-6-methyl-2,9-dioxa-14-azatricyclo[9.5.1.014,17]heptadec-11-ene-3,8-dione","HMDB0242334","267891",NA,NA,NA,"CC=C1CC(C)C(O)(CO)C(=O)OCC2=CCN3CCC(OC1=O)C23","1"
"L-glutamic acid","Glutamic acid","HMDB0000148","33032","16015","C00025","5174","N[C@@H](CCC(O)=O)C(O)=O","1"
"Quinoline","Quinoline","HMDB0033731","7047","17362","C06413",NA,"C1=CC=C2N=CC=CC2=C1","1"
"N-methylcaprolactam","NA","NA","NA","NA","NA","NA","NA","0"
"Indole-3-acetate","Indoleacetic acid","HMDB0000197","802","16411","C00954","5211","OC(=O)CC1=CNC2=C1C=CC=C2","1"
"Lidocaine N-oxide","NA","NA","NA","NA","NA","NA","NA","0"
"Methylhippuric acid","n-benzoyl-d-alanine","HMDB0255085","71002","71167",NA,NA,"CC(NC(=O)C1=CC=CC=C1)C(O)=O","1"
"Glycine anhydride","NA","NA","NA","NA","NA","NA","NA","0"
"Formyl-L-methionyl peptide","NA","NA","NA","NA","NA","NA","NA","0"
"Ethyl malonate","Monoethyl malonic acid","HMDB0000576","70615",NA,NA,"5558","CCOC(=O)CC(O)=O","1"
"Dimethyl succinate","Dimethyl succinate","HMDB0033837","7820",NA,NA,NA,"COC(=O)CCC(=O)OC","1"
"4-coumarate","4-Hydroxycinnamic acid","HMDB0002035","637542","32374","C00811","6450","OC(=O)\C=C\C1=CC=C(O)C=C1","1"
"Hexanoylcarnitine","Hexanoylcarnitine","HMDB0000756","3246938","84834",NA,"3548","CCCCCC(=O)O[C@H](CC(O)=O)C[N+](C)(C)C","1"
"Arecoline","Arecoline","HMDB0030353","2230","2814","C10129",NA,"COC(=O)C1=CCCN(C)C1","1"
"N-acetyl-DL-tryptophan","NA","NA","NA","NA","NA","NA","NA","0"
"Laudanosine","(S)-Laudanosine","HMDB0030213","15548","444892",NA,NA,"COC1=C(OC)C=C(CC2N(C)CCC3=CC(OC)=C(OC)C=C23)C=C1","1"
"N-(2-morpholinophenyl)-N'-phenylurea","NA","NA","NA","NA","NA","NA","NA","0"
"Quercetin-3-D-glucoside","NA","NA","NA","NA","NA","NA","NA","0"
"DL-aminocaprylic acid","NA","NA","NA","NA","NA","NA","NA","0"
"Kynurenic acid","Kynurenic acid","HMDB0000715","3845","18344","C01717","5683","OC(=O)C1=CC(=O)C2=CC=CC=C2N1","1"
"Epinephrine","Epinephrine","HMDB0000068","5816","28918","C00788","5127","CNC[C@H](O)C1=CC(O)=C(O)C=C1","1"
"6-phenoxynicotinic acid","NA","NA","NA","NA","NA","NA","NA","0"
"Sitagliptin","Sitagliptin","HMDB0015390","4369359","40237",NA,NA,"N[C@@H](CC(=O)N1CCN2C(C1)=NN=C2C(F)(F)F)CC1=CC(F)=C(F)C=C1F","1"
"4-hydroxy-2-methylbenzoic acid","NA","NA","NA","NA","NA","NA","NA","0"
"Violacerol II","NA","NA","NA","NA","NA","NA","NA","0"
"Cyclo(leucylprolyl)","NA","NA","NA","NA","NA","NA","NA","0"
"D-cysteine","D-Cysteine","HMDB0003417","92851","16375","C00793",NA,"N[C@H](CS)C(O)=O","1"
"Proline","Proline","HMDB0000162","145742","17203","C00148","29","OC(=O)[C@@H]1CCCN1","1"
"Trans-cinnamate","trans-Cinnamate",NA,"3713","15669 35697","C00423",NA,NA,"1"
"Ethyl-2-amino-1-cyclohexene-1-carboxylate","NA","NA","NA","NA","NA","NA","NA","0"
"N2-phenyl-3-methylbenzo[b]thiophene-2-carbothioamide","NA","NA","NA","NA","NA","NA","NA","0"
"8-hydroxymirtazapine","8-hydroxymirtazapine","HMDB0060957","11500131",NA,NA,NA,"CN1CCN2C(C1)C1=CC=CC=C1CC1=CC(O)=CN=C21","1"
"Isoliquiritigenin","Isoliquiritigenin","HMDB0037316","638278","310312","C08650",NA,"OC1=CC=C(\C=C\C(=O)C2=C(O)C=C(O)C=C2)C=C1","1"
"Indole-3-lactic acid","Indolelactic acid","HMDB0000671","676157","24813","C02043","5641","O[C@@H](CC1=CNC2=C1C=CC=C2)C(O)=O","1"
"Aloe-emodin","Aloeemodin","HMDB0030829","10207","2607","C10294",NA,"OCC1=CC2=C(C(O)=C1)C(=O)C1=C(C=CC=C1O)C2=O","1"
"Cantharidin","Cantharidin","HMDB0249592","2545","93862",NA,NA,"CC12C3CCC(O3)C1(C)C(=O)OC2=O","1"
"Noscapine","(-)-alpha-Narcotine","HMDB0033439","275196","73237","C09592",NA,"[H][C@@]1(OC(=O)C2=C1C=CC(OC)=C2OC)[C@]1([H])N(C)CCC2=CC3=C(OCO3)C(OC)=C12","1"
"Veratrole","1,2-Dimethoxybenzene","HMDB0032139","7043","59114",NA,NA,"COC1=CC=CC=C1OC","1"
"N-acetyl-D-tryptophan","N-Acetyl-D-tryptophan","HMDB0255052","2002","70976",NA,NA,"CC(O)=NC(CC1=CNC2=CC=CC=C12)C(O)=O","1"
"Amisulpride N-oxide","NA","NA","NA","NA","NA","NA","NA","0"
"4-methoxybenzaldehyde","4-Methoxybenzaldehyde","HMDB0029686","31244","28235","C10761",NA,"COC1=CC=C(C=O)C=C1","1"
"4-(benzyloxy)-N'-hydroxybenzenecarboximidamide","NA","NA","NA","NA","NA","NA","NA","0"
"6-methylbenzoxazole","NA","NA","NA","NA","NA","NA","NA","0"
"4-ethynylaniline","NA","NA","NA","NA","NA","NA","NA","0"
"5-methoxyindoleacetic acid","5-Methoxyindoleacetate","HMDB0004096","18986","28281","C05660","7016","COC1=CC2=C(NC=C2CC(O)=O)C=C1","1"
"Pilocarpine","Pilocarpine","HMDB0015217","5910","8207","C07474",NA,"CC[C@H]1[C@@H](CC2=CN=CN2C)COC1=O","1"
"Ferulic acid","Ferulic acid","HMDB0000954","445858","17620","C01494","4156","COC1=C(O)C=CC(\C=C\C(O)=O)=C1","1"
"Ethyl 2-cyano-2-[2-(3-phenyl-1h-pyrazoL-5-yl)hydrazono]acetate","NA","NA","NA","NA","NA","NA","NA","0"
"2-hydroxyphenylalanine","o-Tyrosine","HMDB0006050","91482","91038",NA,NA,"NC(CC1=CC=CC=C1O)C(O)=O","1"
"Cynaroside","Luteolin 7-glucoside","HMDB0035588","5280637","27994","C03951",NA,"OC[C@H]1O[C@@H](OC2=CC3=C(C(O)=C2)C(=O)C=C(O3)C2=CC=C(O)C(O)=C2)[C@H](O)[C@@H](O)[C@@H]1O","1"
"5-methoxyindole","5-Methoxyindole","HMDB0246822","13872",NA,NA,NA,"COC1=CC=C2NC=CC2=C1","1"
"Azelaic acid","Azelaic acid","HMDB0000784","2266","48131","C08261","5750","OC(=O)CCCCCCCC(O)=O","1"
"Isorhamnetin","Isorhamnetin","HMDB0002655","5281654","6052","C10084","3445","COC1=C(O)C=CC(=C1)C1=C(O)C(=O)C2=C(O)C=C(O)C=C2O1","1"
"Trans-3-indoleacrylic acid","Indoleacrylic acid","HMDB0000734","5375048","132244",NA,"5702","OC(=O)\C=C\C1=CNC2=C1C=CC=C2","1"
"Nictoflorin","NA","NA","NA","NA","NA","NA","NA","0"
"4-methoxysalicylic acid","NA","NA","NA","NA","NA","NA","NA","0"
"Cyclo(phenylalanyl-prolyl)","Cyclo(L-Phe-L-Pro)","HMDB0250631",NA,NA,NA,NA,"O=C1NC(CC2=CC=CC=C2)C(=O)N2CCCC12","1"
"Melatonin","Melatonin","HMDB0001389","896","16796","C01598","73","COC1=CC2=C(NC=C2CCNC(C)=O)C=C1","1"
"KaempferoL-7-O-glucoside","NA","NA","NA","NA","NA","NA","NA","0"
"Ambroxol","NA","NA","NA","NA","NA","NA","NA","0"
"7-hydroxy-3-[4-hydroxy-3-(3-methyl-2-buten-1-yl)phenyl]-8-(3-methyl-2-buten-1-yl)-4h-chromen-4-one","NA","NA","NA","NA","NA","NA","NA","0"
"1-phenylethanol","1-Phenylethanol","HMDB0032619","7409","669","C07112",NA,"CC(O)C1=CC=CC=C1","1"
"Isoquinoline","Isoquinoline","HMDB0034244","8405","16092","C06323",NA,"C1=CC=C2C=NC=CC2=C1","1"
"Indole-3-acetic acid","Indoleacetic acid","HMDB0000197","802","16411","C00954","5211","OC(=O)CC1=CNC2=C1C=CC=C2","1"
"1-ethoxynaphthalene","NA","NA","NA","NA","NA","NA","NA","0"
"Naringenin","Naringenin","HMDB0002670","439246","17846","C00509","3401","OC1=CC=C(C=C1)[C@@H]1CC(=O)C2=C(O1)C=C(O)C=C2O","1"
"4-dimethylaminocinnamaldehyde","4-Dimethylaminocinnamaldehyde","HMDB0247143","92224",NA,NA,NA,"CN(C)C1=CC=C(C=CC=O)C=C1","1"
"2-amino-3-methoxybenzoic acid","NA","NA","NA","NA","NA","NA","NA","0"
"Indole-3-acetaldehyde","Indoleacetaldehyde","HMDB0001190","800","18086","C00637","6068","O=CCC1=CNC2=C1C=CC=C2","1"
"4-hydroxy-6-methyl-2-pyrone","NA","NA","NA","NA","NA","NA","NA","0"
"4-ethoxybenzaldehyde","4-Ethoxybenzaldehyde","HMDB0033970","24834",NA,NA,NA,"CCOC1=CC=C(C=O)C=C1","1"
"4-propylbenzoic acid","NA","NA","NA","NA","NA","NA","NA","0"
"5-methoxysalicylic acid","5-Methoxysalicylic acid","HMDB0001868","75787","89830",NA,"4164","COC1=CC(C(O)=O)=C(O)C=C1","1"
"Tropinone","tropinone","HMDB0304521",NA,NA,"C00783",NA,"CN1C2CCC1CC(=O)C2","1"
"Methylparaben","Methylparaben","HMDB0032572","7456","31835",NA,NA,"COC(=O)C1=CC=C(O)C=C1","1"
"Afzelin","Afzelin",NA,"44258913",NA,"C16911",NA,"CC1O(Oc2c(-c3ccc(O)cc3)oc3cc(O)cc(O)c3c2=O)(O)C(O)1O","1"
"3-methyl-2-quinoxalinol","NA","NA","NA","NA","NA","NA","NA","0"
"Chrysin","5,7-Dihydroxyflavone","HMDB0036619","5281607","75095","C10028",NA,"OC1=CC(O)=C2C(=O)C=C(OC2=C1)C1=CC=CC=C1","1"
"7-aminonimetazepam","NA","NA","NA","NA","NA","NA","NA","0"
"Phloretin","Phloretin","HMDB0003306","4788","17276","C00774","3405","OC1=CC=C(CCC(=O)C2=C(O)C=C(O)C=C2O)C=C1","1"
"Hesperetin","Hesperetin","HMDB0005782","72281","28230","C01709",NA,"COC1=C(O)C=C(C=C1)[C@@H]1CC(=O)C2=C(O)C=C(O)C=C2O1","1"
"Genistein","Genistein","HMDB0003217","5280961","28088","C06563","3398","OC1=CC=C(C=C1)C1=COC2=CC(O)=CC(O)=C2C1=O","1"
"Heptanophenone","NA","NA","NA","NA","NA","NA","NA","0"
"N-oleoyl dopamine","N-Oleoyl Dopamine",NA,"5282106","31883","C12272",NA,"CCCCCCCC/C=C\CCCCCCCC(=O)NCCc1ccc(O)c(O)c1","1"
"N'-cyano-N-[2-(trifluoromethyl)phenyl]pyrrolidine-1-carboximidamide","NA","NA","NA","NA","NA","NA","NA","0"
"N-acetylserotonin","N-Acetylserotonin","HMDB0001238","903","17697","C00978","366","CC(=O)NCCC1=CNC2=C1C=C(O)C=C2","1"
"Mearnsitrin","Mearnsitrin",NA,"44259504",NA,NA,NA,"COc1c(O)cc(-c2oc3cc(O)cc(O)c3c(=O)c2O2OC(C)(O)C(O)2O)cc1O","1"
"2-(propylthio)nicotinic acid","NA","NA","NA","NA","NA","NA","NA","0"
"3-succinoylpyridine","3-Succinoylpyridine","HMDB0000992","437","66951","C19569","5924","OC(=O)CCC(=O)C1=CC=CN=C1","1"
"Ethyl 3-cyano-6-methyl-2-({2-[(2-thienylcarbonyl)amino]phenyl}thio)isonicotinate","NA","NA","NA","NA","NA","NA","NA","0"
"Matairesinol","Matairesinol","HMDB0035698","119205","6698","C10682",NA,"COC1=C(O)C=CC(C[C@H]2COC(=O)[C@@H]2CC2=CC(OC)=C(O)C=C2)=C1","1"
"Isorhapontigenin","Isorhapontigenin","HMDB0303171","21681009",NA,NA,NA,"COC1=CC(\C=C/C2=CC(O)=CC(O)=C2)=CC=C1O","1"
"4-hydroxycoumarin","4-Coumaryl alcohol","HMDB0003654","5280535","64555","C02646","6971","OC\C=C\C1=CC=C(O)C=C1","1"
"4-phenyl-3-buten-2-one","Benzylideneacetone","HMDB0031617","637759","78399",NA,NA,"CC(=O)\C=C\C1=CC=CC=C1","1"
"Quercetin","Quercetin","HMDB0005794","5280343","16243","C00389",NA,"OC1=CC(O)=C2C(OC(=C(O)C2=O)C2=CC(O)=C(O)C=C2)=C1","1"
"Sulfamerazine","Sulfamerazine","HMDB0015521","5325","102130",NA,NA,"CC1=NC(NS(=O)(=O)C2=CC=C(N)C=C2)=NC=C1","1"
"Columbianetin","8,9-Dihydro-8-(1-hydroxy-1-methylethyl)-2H-furo[2,3-h]1-benzopyran-2-one","HMDB0244406",NA,"59948",NA,NA,"CC(C)(O)C1CC2=C(O1)C=CC1=C2OC(=O)C=C1","1"
"N1-[2-({[3-chloro-5-(trifluoromethyl)-2-pyridyl]methyl}thio)ethyl]benzamide","NA","NA","NA","NA","NA","NA","NA","0"
"6-hydroxymelatonin","6-Hydroxymelatonin","HMDB0004081","1864","2198","C05643","7013","COC1=C(O)C=C2NC=C(CCNC(C)=O)C2=C1","1"
"Apocynin","Acetovanillone","HMDB0247918","2214","2781","C11380",NA,"COC1=CC(=CC=C1O)C(C)=O","1"
"Valsartan metabolite","NA","NA","NA","NA","NA","NA","NA","0"
"Fisetin","Fisetin",NA,"5281614","42567","C10041",NA,"O=c1c(O)c(-c2ccc(O)c(O)c2)oc2cc(O)ccc12","1"
"6-hydroxycortisol","6-Hydroxycortisol","HMDB0247074","253325",NA,NA,NA,"CC12CC(O)C3C(CC(O)C4=CC(=O)CCC34C)C1CCC2(O)C(=O)CO","1"
"2-mercaptobenzothiazole","2(3H)-Benzothiazolethione","HMDB0030524","21831736","34292","C14437",NA,"S=C1NC2=C(S1)C=CC=C2","1"
"1-naphthol","1-Naphthol","HMDB0012138","7005","10319","C11714",NA,"OC1=C2C=CC=CC2=CC=C1","1"
"Methysticin","Methysticin","HMDB0254671","229851",NA,NA,NA,"COC1=CC(=O)OC(C1)C=CC1=CC=C2OCOC2=C1","1"
"Norlichexanthone","Norlichexanthone",NA,"5281657",NA,NA,NA,NA,"1"
"Taxifolin","Taxifolin","METPA0191",NA,"17948","C01617",NA,NA,"1"
"Dehydroepiandrosterone (DHEA)","NA","NA","NA","NA","NA","NA","NA","0"
"Omeprazole sulphone","Omeprazole sulfone","HMDB0014012","145900","388428",NA,NA,"COC1=CC2=C(C=C1)N=C(N2)S(=O)(=O)CC1=NC=C(C)C(OC)=C1C","1"
"3-tert-butyladipic acid","NA","NA","NA","NA","NA","NA","NA","0"
"3-hydroxyphenylacetate","3-Hydroxyphenylacetic acid","HMDB0000440","12122","17445","C05593","5429","OC(=O)CC1=CC(O)=CC=C1","1"
"4-methoxycinnamaldehyde","3-(4-Methoxyphenyl)-2-propenal","HMDB0032611","641294",NA,"C10475",NA,"COC1=CC=C(\C=C\C=O)C=C1","1"
"3-(4-methylbenzoyl)acrylic acid","NA","NA","NA","NA","NA","NA","NA","0"
"Vindoline","Vindoline","HMDB0259814","425978","16380","C01626",NA,"CCC12C=CCN3CCC4(C13)C(N(C)C1=CC(OC)=CC=C41)C(O)(C2OC(C)=O)C(=O)OC","1"
"Pulegone","Pulegone","HMDB0035604","442495","35596","C09893",NA,"C[C@@H]1CCC(=C(C)C)C(=O)C1","1"
"Rivaroxaban","NA","NA","NA","NA","NA","NA","NA","0"
"Hispidulin","NA","NA","NA","NA","NA","NA","NA","0"
"Indole-3-methyl acetate","Indole-3-methyl acetate","HMDB0029738","74706","72782",NA,NA,"COC(=O)CC1=CNC2=C1C=CC=C2","1"
"Aflatoxin G2","Aflatoxin G2","HMDB0030475","23670",NA,"C16754",NA,"COC1=CC2=C(C3CCOC3O2)C2=C1C1=C(C(=O)OCC1)C(=O)O2","1"
"6-hydroxycaproic acid","6-Hydroxyhexanoic acid","HMDB0012843","14490","17869","C06103",NA,"OCCCCCC(O)=O","1"
"DL-metanephrine","Metanephrine","HMDB0004063","21100","144365","C05588","65","CNCC(O)C1=CC(OC)=C(O)C=C1","1"
"Pinocembrin","Pinocembrin","HMDB0030808","68071","28157","C09827",NA,"OC1=CC(O)=C2C(=O)C[C@H](OC2=C1)C1=CC=CC=C1","1"
"Nootkatone","5,6-dimethyl-8-isopropenylbicyclo[4.4.0]dec-1-en-3-one","HMDB0303909","7567181",NA,NA,NA,"[H][C@@]1(CCC2=CC(=O)C[C@]([H])(C)[C@@]2(C)C1)C(C)=C","1"
"Sakuranetin","Sakuranetin","HMDB0030090","73571","28927","C09833",NA,"[H][C@]1(CC(=O)C2=C(O1)C=C(OC)C=C2O)C1=CC=C(O)C=C1","1"
"4-ethylbenzaldehyde","4-Ethylbenzaldehyde","HMDB0032024","20861",NA,NA,NA,"CCC1=CC=C(C=O)C=C1","1"
"Melicopidine","NA","NA","NA","NA","NA","NA","NA","0"
"Trans-cinnamaldehyde","Cinnamaldehyde","HMDB0003441","637511","16731","C00903","6931","O=C\C=C\C1=CC=CC=C1","1"
"4-methoxycinnamic acid","4-Methoxycinnamic acid","HMDB0002040","699414","260249",NA,"6453","COC1=CC=C(\C=C\C(O)=O)C=C1","1"
"Sorbicillin","NA","NA","NA","NA","NA","NA","NA","0"
"Coenzyme Q1","Ubiquinone-1","HMDB0002012","4462","46234","C00399","6435","COC1=C(OC)C(=O)C(CC=C(C)C)=C(C)C1=O","1"
"Piperanine","Piperanine","HMDB0033874","5320618","167837",NA,NA,"O=C(\C=C\CCC1=CC2=C(OCO2)C=C1)N1CCCCC1","1"
"Indole-3-butyric acid","3-Indolebutyric acid","HMDB0002096","8617","33070","C11284","6485","OC(=O)CCCC1=CNC2=C1C=CC=C2","1"
"Cortisone","Cortisone","HMDB0002802","222786","16962","C00762","271","[H][C@@]12CC[C@](O)(C(=O)CO)[C@@]1(C)CC(=O)[C@@]1([H])[C@@]2([H])CCC2=CC(=O)CC[C@]12C","1"
"Genistein 4'-O-glucuronide","Genistein 4'-O-glucuronide","HMDB0041737","45782816",NA,NA,NA,"O[C@@H]1[C@@H](O)[C@H](OC2=CC=C(C=C2)C2=COC3=C(C(O)=CC(O)=C3)C2=O)O[C@@H]([C@H]1O)C(O)=O","1"
"6-O-methylscutellarin","NA","NA","NA","NA","NA","NA","NA","0"
"Methyldienolone","NA","NA","NA","NA","NA","NA","NA","0"
"Isophorone","3,5,5-Trimethyl-2-cyclohexen-1-one","HMDB0031195","6544","34800","C14743",NA,"CC1=CC(=O)CC(C)(C)C1","1"
"Sebacic acid","Sebacic acid","HMDB0000792","5192","41865","C08277","4240","OC(=O)CCCCCCCCC(O)=O","1"
"Piceatannol","Piceatannol","HMDB0303377",NA,"76156",NA,NA,"[H]\C(=C(/[H])C1=CC(O)=CC(O)=C1)C1=CC=C(O)C(O)=C1","1"
"Desoxycortone","Deoxycorticosterone","HMDB0000016","6166","16973","C03205","5089","[H][C@@]12CC[C@H](C(=O)CO)[C@@]1(C)CC[C@@]1([H])[C@@]2([H])CCC2=CC(=O)CC[C@]12C","1"
"11-hydroxy-17-methyltestosterone","NA","NA","NA","NA","NA","NA","NA","0"
"beta-asarone","gamma-Asarone","HMDB0029872","636750",NA,"C17821",NA,"COC1=CC(OC)=C(OC)C=C1CC=C","1"
"L-aspartic acid beta-benzyl ester","NA","NA","NA","NA","NA","NA","NA","0"
"Phenyl acetate","Phenyl acetate","HMDB0040733","31229","8082","C15583",NA,"CC(=O)OC1=CC=CC=C1","1"
"Cortisol","Cortisol","HMDB0000063","5754","17650","C00735","5124","[H][C@@]12CC[C@](O)(C(=O)CO)[C@@]1(C)C[C@H](O)[C@@]1([H])[C@@]2([H])CCC2=CC(=O)CC[C@]12C","1"
"(-)-caryophyllene oxide","NA","NA","NA","NA","NA","NA","NA","0"
"Baicalin","Baicalin","HMDB0041832","13654833","2981","C10025",NA,"O[C@@H]1[C@@H](O)[C@@H](OC2=C(O)C(O)=C3C(=O)C=C(OC3=C2)C2=CC=CC=C2)O[C@@H]([C@H]1O)C(O)=O","1"
"3-(benzylamino)-5-(4-chlorophenyl)cyclohex-2-en-1-one","NA","NA","NA","NA","NA","NA","NA","0"
"Tetrahydrocortisone","Tetrahydrocortisone","HMDB0000903","12444617",NA,"C05470","1915","[H][C@@]12CC[C@](O)(C(=O)CO)[C@@]1(C)CC(=O)[C@@]1([H])[C@@]2([H])CC[C@@]2([H])C[C@@H](O)CC[C@]12C","1"
"delta9-THC","Tetrahydrocannabinol","HMDB0014613","16078","66964","C06972",NA,"[H][C@@]12C=C(C)CC[C@@]1([H])C(C)(C)OC1=CC(CCCCC)=CC(O)=C21","1"
"3-{4-[(4-fluorophenyl)sulfonyl]piperazino}-4H-chromen-4-one","NA","NA","NA","NA","NA","NA","NA","0"
"Daidzein","Daidzein","HMDB0003312","5281708","28197","C10208",NA,"OC1=CC=C(C=C1)C1=COC2=C(C=CC(O)=C2)C1=O","1"
"Epitestosterone glucuronide","Testosterone glucuronide","HMDB0003193","108192","28835","C11134","2794","[H][C@@]12CC[C@H](O[C@@H]3O[C@@H]([C@@H](O)[C@H](O)[C@H]3O)C(O)=O)[C@@]1(C)CC[C@@]1([H])[C@@]2([H])CCC2=CC(=O)CC[C@]12C","1"
"Methyl jasmonate","Methyl jasmonate","HMDB0036583","5367719","15929","C11512",NA,"CC\C=C/C[C@@H]1[C@@H](CC(=O)OC)CCC1=O","1"
"10-HDA","NA","NA","NA","NA","NA","NA","NA","0"
"4'-methoxyacetophenone","4'-Methoxyacetophenone","HMDB0032570","7476","86567",NA,NA,"COC1=CC=C(C=C1)C(C)=O","1"
"12-aminododecanoic acid","NA","NA","NA","NA","NA","NA","NA","0"
"Salicylate","Salicyluric acid","HMDB0000840","10253","9008","C07588","617","OC(=O)CNC(=O)C1=C(O)C=CC=C1","1"
"Decanamide","decanamide",NA,"75347","38833",NA,NA,"CCCCCCCCCC(N)=O","1"
"Coumestrol","Coumesterol","HMDB0002326","5281707","3908","C10205",NA,"OC1=CC2=C(C=C1)C1=C(O2)C2=C(OC1=O)C=C(O)C=C2","1"
"Kaempferol","Kaempferol","HMDB0005801","5280863","28499","C05903",NA,"OC1=CC=C(C=C1)C1=C(O)C(=O)C2=C(O)C=C(O)C=C2O1","1"
"Carvone","Carvone","HMDB0035824","7439","38265",NA,NA,"CC(=C)C1CC=C(C)C(=O)C1","1"
"Dehydrocholic acid","Dehydrocholic acid",NA,"6674","31459","C13154",NA,"C(CCC(=O)O)1CC23C(=O)C4CC(=O)CC4(C)3CC(=O)21C","1"
"9-nitrooleate","NA","NA","NA","NA","NA","NA","NA","0"
"5-dihydrotestosterone","NA","NA","NA","NA","NA","NA","NA","0"
"Decanoylcarnitine","Decanoylcarnitine","HMDB0000651","11953821","28717","C03299","5623","CCCCCCCCCC(=O)O[C@H](CC([O-])=O)C[N+](C)(C)C","1"
"4-phenylbutyric acid","Benzenebutanoic acid","HMDB0000543","4775","41500",NA,"5528","OC(=O)CCCC1=CC=CC=C1","1"
"Wogonin","Wogonin",NA,"5281703","10043","C10197",NA,"COc1c(O)cc(O)c2c(=O)cc(-c3ccccc3)oc12","1"
"Isokaempferide","Isokaempferide",NA,"5280862","1579","C05902",NA,"COc1c(-c2ccc(O)cc2)oc2cc(O)cc(O)c2c1=O","1"
"Scrophulein","Cirsimaritin","HMDB0250276","188323","81337","C17785",NA,"COC1=C(OC)C(O)=C2C(=O)C=C(OC2=C1)C1=CC=C(O)C=C1","1"
"Sulfamethazine","Sulfamethazine","HMDB0015522","5327","102265","C19530",NA,"CC1=CC(C)=NC(NS(=O)(=O)C2=CC=C(N)C=C2)=N1","1"
"Acetophenone","Acetophenone","HMDB0033910","7410","27632","C07113",NA,"CC(=O)C1=CC=CC=C1","1"
"Valerophenone","NA","NA","NA","NA","NA","NA","NA","0"
"Cannabidiolic acid","Cannabidiolic acid","HMDB0249587","4486399","3359","C10784",NA,"CCCCCC1=CC(O)=C(C2C=C(C)CCC2C(C)=C)C(O)=C1C(O)=O","1"
"4'-hydroxydiclofenac","4'-Hydroxydiclofenac","HMDB0013974","116545","59613",NA,NA,"OC(=O)CC1=CC=CC=C1NC1=C(Cl)C=C(O)C=C1Cl","1"
"Nordiazepam","Nordiazepam","HMDB0060538","2997","111762","C07486",NA,"ClC1=CC=C2NC(=O)CN=C(C3=CC=CC=C3)C2=C1","1"
"Emodin","Emodin","HMDB0035214","3220","42223","C10343",NA,"CC1=CC2=C(C(O)=C1)C(=O)C1=C(C=C(O)C=C1O)C2=O","1"
"Levothyroxine","Thyroxine","HMDB0000248","5819","18332","C01829","439","N[C@@H](CC1=CC(I)=C(OC2=CC(I)=C(O)C(I)=C2)C(I)=C1)C(O)=O","1"
"Triphenylphosphine oxide","NA","NA","NA","NA","NA","NA","NA","0"
"Geranyl pyrophosphate","Geranyl-PP","HMDB0001285","445995","17211","C00341","6134","CC(C)=CCC\C(C)=C\COP(O)(=O)OP(O)(O)=O","1"
"Bilirubin","Bilirubin","HMDB0000054","5280352","16990","C00486","81","CC1=C(C=C)\C(NC1=O)=C\C1=C(C)C(CCC(O)=O)=C(CC2=C(CCC(O)=O)C(C)=C(N2)\C=C2/NC(=O)C(C=C)=C2C)N1","1"
"3-dehydroshikimate","3-dehydroshikimate","HMDB0304122",NA,NA,"C02637",NA,"OC1CC(=CC(=O)C1O)C([O-])=O","1"
"Schisandrin","NA","NA","NA","NA","NA","NA","NA","0"
"Phenylacetic acid","Phenylacetic acid","HMDB0000209","999","30745","C07086","129","OC(=O)CC1=CC=CC=C1","1"
"Dihydromethysticin","Dihydromethysticin","HMDB0030791","229852","1034670","C09926",NA,"COC1=CC(=O)OC(CCC2=CC3=C(OCO3)C=C2)C1","1"
"Benzyl alcohol","Benzyl alcohol","HMDB0003119","244","17987","C00556",NA,"OCC1=CC=CC=C1","1"
"Butyl butyrate","Butyl butyrate","HMDB0039620","7983","87429",NA,NA,"CCCCOC(=O)CCC","1"
"Sulcatol","NA","NA","NA","NA","NA","NA","NA","0"
"Testosterone","Testosterone","HMDB0000234","6013","17347","C00535","390","[H][C@@]12CC[C@H](O)[C@@]1(C)CC[C@@]1([H])[C@@]2([H])CCC2=CC(=O)CC[C@]12C","1"
"(-)-camphor","(-)-Camphor",NA,"4067","15397 36773","C00809",NA,NA,"1"
"4-chlorobenzophenone","NA","NA","NA","NA","NA","NA","NA","0"
"Progesterone","Progesterone","HMDB0001830","5994","17026","C00410","402","[H][C@@]12CC[C@H](C(C)=O)[C@@]1(C)CC[C@@]1([H])[C@@]2([H])CCC2=CC(=O)CC[C@]12C","1"
"(+/-)-c75","NA","NA","NA","NA","NA","NA","NA","0"
"17-hydroxyprogesterone","17-Hydroxyprogesterone","HMDB0000374","6238","17252","C01176","5363","[H][C@@]12CC[C@](O)(C(C)=O)[C@@]1(C)CC[C@@]1([H])[C@@]2([H])CCC2=CC(=O)CC[C@]12C","1"
"N-[3-(aminosulfonyl)phenyl]-2-phenoxynicotinamide","NA","NA","NA","NA","NA","NA","NA","0"
"Piperine","Piperine","HMDB0029377","638024","28821","C03882",NA,"O=C(\C=C\C=C\C1=CC2=C(OCO2)C=C1)N1CCCCC1","1"
"Shogaol","NA","NA","NA","NA","NA","NA","NA","0"
"Bialaphos","Bialaphos","HMDB0249177","8690","3088","C06457",NA,"CC(NC(=O)C(C)NC(=O)C(N)CCP(C)(O)=O)C(O)=O","1"
"Coenzyme Q2","Ubiquinone-2","HMDB0006709","5280346","46372","C00399",NA,"COC1=C(OC)C(=O)C(C\C=C(/C)CCC=C(C)C)=C(C)C1=O","1"
"Lauroylcarnitine","Dodecanoylcarnitine","HMDB0002250","168381","77086",NA,"6573","CCCCCCCCCCCC(=O)O[C@H](CC(O)=O)C[N+](C)(C)C","1"
"Ingenol-3-angelate","NA","NA","NA","NA","NA","NA","NA","0"
"Corticosterone","Corticosterone","HMDB0001547","5753","16827","C02140","6314","[H][C@@]1(CC[C@@]2([H])[C@]3([H])CCC4=CC(=O)CC[C@]4(C)[C@@]3([H])[C@@]([H])(O)C[C@]12C)C(=O)CO","1"
"Psilocybin","Psilocybin",NA,"9779",NA,"C07576",NA,NA,"1"
"Jasmonic acid","Jasmonic acid","HMDB0032797","5281166","18292","C08491",NA,"CC\C=C/C[C@@H]1[C@@H](CC(O)=O)CCC1=O","1"
"Ethyl 3-[2-(diphenylmethylidene)hydrazino]but-2-enoate","NA","NA","NA","NA","NA","NA","NA","0"
"Cuminaldehyde","Cuminaldehyde","HMDB0002214","326","28671","C06577",NA,"[H]C(=O)C1=CC=C(C=C1)C(C)C","1"
"Betulin","Betulin","HMDB0036838","72326","3086","C08618",NA,"[H][C@]12[C@@H](CC[C@]1(CO)CC[C@]1(C)[C@]2([H])CC[C@]2([H])[C@@]3(C)CC[C@H](O)C(C)(C)[C@]3([H])CC[C@@]12C)C(C)=C","1"
"18-beta-glycyrrhetinic acid","NA","NA","NA","NA","NA","NA","NA","0"
"Deoxyuridine","Deoxyuridine","HMDB0000012","13712","16450","C00526","5086","OC[C@H]1O[C@H](C[C@@H]1O)N1C=CC(=O)NC1=O","1"
"Glycocholate","Glycocholic acid","HMDB0000138","10140","17687","C01921","5169","C[C@H](CCC(O)=NCC(O)=O)[C@H]1CC[C@H]2[C@@H]3[C@H](O)C[C@@H]4C[C@H](O)CC[C@]4(C)[C@H]3C[C@H](O)[C@]12C","1"
"Pregnenolone","Pregnenolone","HMDB0000253","8955","16581","C01953","5257","[H][C@@]12CC[C@H](C(C)=O)[C@@]1(C)CC[C@@]1([H])[C@@]2([H])CC=C2C[C@@H](O)CC[C@]12C","1"
"alpha-pinene-2-oxide","NA","NA","NA","NA","NA","NA","NA","0"
"Sedanolide","Neocnidilide","HMDB0034450","5018391",NA,"C17002",NA,"CCCCC1OC(=O)C2=CCCCC12","1"
"Taurocholic acid","Taurocholic acid","HMDB0000036","6675","28865","C05122","5104","[H][C@@]1(CC[C@@]2([H])[C@]3([H])[C@H](O)C[C@]4([H])C[C@H](O)CC[C@]4(C)[C@@]3([H])C[C@H](O)[C@]12C)[C@H](C)CCC(=O)NCCS(O)(=O)=O","1"
"Senkyunolide h","NA","NA","NA","NA","NA","NA","NA","0"
"Methyl 4-(aminocarbonyl)-n-cyanotetrahydropyridine-1(2H)-carbimidothioate","NA","NA","NA","NA","NA","NA","NA","0"
"4-(methylthio) aniline","NA","NA","NA","NA","NA","NA","NA","0"
"Manidipine","manidipine","HMDB0254323","4008",NA,NA,NA,"COC(=O)C1=C(C)NC(C)=C(C1C1=CC(=CC=C1)N(=O)=O)C(=O)OCCN1CCN(CC1)C(C1=CC=CC=C1)C1=CC=CC=C1","1"
"D-sphingosine","Sphingosine","HMDB0000252","5280335","16393","C00319","392","CCCCCCCCCCCCC\C=C\[C@@H](O)[C@@H](N)CO","1"
"Glycochenodeoxycholate","Chenodeoxycholic acid glycine conjugate","HMDB0000637","12544","36274","C05466","5610","[H][C@@]1(CC[C@@]2([H])[C@]3([H])[C@H](O)C[C@]4([H])C[C@H](O)CC[C@]4(C)[C@@]3([H])CC[C@]12C)[C@H](C)CCC(=O)NCC(O)=O","1"
"Cholate","Cholic acid","HMDB0000619","221493","16359","C00695","206","C[C@H](CCC(O)=O)[C@H]1CC[C@H]2[C@@H]3[C@H](O)C[C@@H]4C[C@H](O)CC[C@]4(C)[C@H]3C[C@H](O)[C@]12C","1"
"Epitestosterone","Epitestosterone","HMDB0000628","10204","42534","C00535","5601","[H][C@@]12CC[C@@H](O)[C@@]1(C)CC[C@@]1([H])[C@@]2([H])CCC2=CC(=O)CC[C@]12C","1"
"Lopinavir","Lopinavir","HMDB0015539","92727","31781","C12871",NA,"CC(C)[C@H](N1CCCNC1=O)C(=O)N[C@H](C[C@H](O)[C@H](CC1=CC=CC=C1)NC(=O)COC1=C(C)C=CC=C1C)CC1=CC=CC=C1","1"
"Tofa","NA","NA","NA","NA","NA","NA","NA","0"
"Prostaglandin B1","Prostaglandin B1","HMDB0002982","5280388","27624","C00959","408","CCCCC[C@H](O)\C=C\C1=C(CCCCCCC(O)=O)C(=O)CC1","1"
"Diosgenin","Diosgenin",NA,"99474","4629","C08898",NA,"C12(C34CC=C5C(O)CC5(C)4CC32C)O12CC(C)CO2","1"
"Artemisinin","NA","NA","NA","NA","NA","NA","NA","0"
"7-hydroxytestosterone","7alpha,17beta-Dihydroxyandrost-4-en-3-one","HMDB0247408","242495",NA,NA,NA,"CC12CCC3C(C1CCC2O)C(O)CC1=CC(=O)CCC31C","1"
"7-hydroxycoumarine","NA","NA","NA","NA","NA","NA","NA","0"
"Caffeic acid","Caffeic acid","HMDB0001964","689043","16433","C01481","3316","OC(=O)\C=C\C1=CC(O)=C(O)C=C1","1"
"Monobutyl phthalate","Monobutylphthalate","HMDB0013247","8575",NA,NA,NA,"CCCCOC(=O)C1=CC=CC=C1C(O)=O","1"
"Gamma-linolenic acid","gamma-Linolenic acid","HMDB0003073","5280933","28661","C06426","386","CCCCC\C=C/C\C=C/C\C=C/CCCCC(O)=O","1"
"Kahweol","Kahweol","HMDB0035602","442495","35596","C09893",NA,"CC12C=CC3=C(C=CO3)C1CCC13CC(CCC21)C(O)(CO)C3","1"
"Palmitoylcarnitine","Palmitoylcarnitine","HMDB0000222","11953816","17490","C02990","5231","CCCCCCCCCCCCCCCC(=O)O[C@H](CC(O)=O)C[N+](C)(C)C","1"
"Lagochilin","NA","NA","NA","NA","NA","NA","NA","0"
"N-[2-(trifluoromethyl)phenyl]pyrrolidine-1-carbothioamide","NA","NA","NA","NA","NA","NA","NA","0"
"Cafestol","Cafestol","HMDB0035710","2516",NA,"C09066",NA,"CC12CCC3=C(C=CO3)C1CCC13CC(CCC21)C(O)(CO)C3","1"
"19-nortestosterone","Nandrolone","HMDB0002725","9904","7466","C07254","1434","[H][C@@]12CC[C@H](O)[C@@]1(C)CC[C@]1([H])[C@@]3([H])CCC(=O)C=C3CC[C@@]21[H]","1"
"Tris(2-butoxyethyl) phosphate","Tris(2-butoxyethyl) phosphate","HMDB0259275",NA,"35038","C14446",NA,"CCCCOCCOP(=O)(OCCOCCCC)OCCOCCCC","1"
"Trans-aconitic acid","trans-Aconitic acid","HMDB0000958","444212","32806","C02341",NA,"OC(=O)C\C(=C/C(O)=O)C(O)=O","1"
"Deoxycholate","Deoxycholic acid","HMDB0000626","222528","28834","C04483","265","[H][C@@]1(CC[C@@]2([H])[C@]3([H])CC[C@]4([H])C[C@H](O)CC[C@]4(C)[C@@]3([H])C[C@H](O)[C@]12C)[C@H](C)CCC(O)=O","1"
"Docosahexaenoic acid ethyl ester","2,4,6,8,10,12-Docosahexaenoic acid, ethyl ester","HMDB0251557","150680",NA,NA,NA,"CCCCCCCCCC=CC=CC=CC=CC=CC=CC(=O)OCC","1"
"Retinoate","all-trans-Retinoic acid","HMDB0001852","444795","15367","C00777","2277","C\C(\C=C\C1=C(C)CCCC1(C)C)=C/C=C/C(/C)=C/C(O)=O","1"
"alpha-linolenic acid","alpha-Linolenic acid","HMDB0001388","5280934","27432","C06427","6208","CC\C=C/C\C=C/C\C=C/CCCCCCCC(O)=O","1"
"Deoxycorticosterone acetate","Deoxycorticosterone acetate",NA,"5952",NA,NA,NA,NA,"1"
"(9cis)-retinal","9-cis-Retinal","HMDB0006218","6436082","78273","C16681",NA,"C/C(/C=C/C=C(/C)\C=C\C1=C(C)CCCC1(C)C)=C\C=O","1"
"Eicosapentaenoic acid","Eicosapentaenoic acid","HMDB0001999","446284","28364","C06428","6423","CC\C=C/C\C=C/C\C=C/C\C=C/C\C=C/CCCC(O)=O","1"
"5-hydroxy-3-(hydroxymethyl)-6-isopropyl-2-oxo-3-cyclohexen-1-yl 3-methylpentanoate","NA","NA","NA","NA","NA","NA","NA","0"
"Monoolein","MG(18:1(9Z)/0:0/0:0)","HMDB0011567","12178130","75757",NA,NA,"[H][C@](O)(CO)COC(=O)CCCCCCC\C=C/CCCCCCCC","1"
"Zerumbone","Zerumbone","HMDB0036667","5372142",NA,NA,NA,"C\C1=C\CC(C)(C)\C=C\C(=O)\C(C)=C/CC1","1"
"(+/-)12(13)-DiHOME","NA","NA","NA","NA","NA","NA","NA","0"
"D-erythro-sphingosine 1-phosphate","Sphingosine 1-phosphate","HMDB0000277","5283560","37550","C06124","5272","CCCCCCCCCCCCC\C=C\[C@@H](O)[C@@H](N)COP(O)(O)=O","1"
"Palmitelaidic acid methyl ester","NA","NA","NA","NA","NA","NA","NA","0"
"Ethyl palmitoleate","NA","NA","NA","NA","NA","NA","NA","0"
"Arachidonic acid methyl ester","Methyl Arachidonate","HMDB0062594","6421258","78033",NA,NA,"[H]C(CCCCC)=C([H])CC([H])=C([H])CC([H])=C([H])C\C([H])=C(\[H])CCCC(=O)OC","1"
"Tetranor-12(S)-HETE","NA","NA","NA","NA","NA","NA","NA","0"
"Caprylic acid (octanoic acid)","NA","NA","NA","NA","NA","NA","NA","0"
"Methyl 2-hydroxy-4-{3-[(4-oxo-3-phenyl-4h-chromen-7-yl)oxy]propoxy}-3-propylbenzoate","NA","NA","NA","NA","NA","NA","NA","0"
"Anacardic acid","Anacardic acid","HMDB0033896","11824131",NA,NA,NA,"CCC\C=C/C\C=C/CCCCCCCC1=C(C(O)=O)C(O)=CC=C1","1"
"Rac-glycerol 1-myristate","NA","NA","NA","NA","NA","NA","NA","0"
"Isotretinoin","13-cis-Retinoic acid","HMDB0006219","5282379","6067","C07058",NA,"C\C(\C=C\C1=C(C)CCCC1(C)C)=C/C=C/C(/C)=C\C(O)=O","1"
"2-trans-hexadecenoic acid","Trans-Hexa-dec-2-enoic acid","HMDB0010735","5282743","37252",NA,NA,"[H]\C(CCCCCCCCCCCCC)=C(\[H])C(O)=O","1"
"3-methyl-2-oxindole","3-Methyloxindole","HMDB0304943","150923","17397","C02366",NA,"CC1C(=O)NC2=CC=CC=C12","1"
"Muscone","3-Methylcyclopentadecanone","HMDB0034181","10947",NA,NA,NA,"CC1CCCCCCCCCCCCC(=O)C1","1"
"Ethyl oleate","Ethyl oleate","HMDB0034451","5364430",NA,"C03425",NA,"CCCCCCCC\C=C\CCCCCCCC(=O)OCC","1"
"Glycerophospho-N-palmitoyl ethanolamine","NA","NA","NA","NA","NA","NA","NA","0"
"Terpestacin","NA","NA","NA","NA","NA","NA","NA","0"
"2-arachidonoyl glycerol","NA","NA","NA","NA","NA","NA","NA","0"
"1-linoleoyl glycerol","NA","NA","NA","NA","NA","NA","NA","0"
"alpha-eleostearic acid","alpha-Eleostearic acid","HMDB0248208","93077","38382","C08315",NA,"CCCCC=CC=CC=CCCCCCCCC(O)=O","1"
"Palmitoleic acid","Palmitoleic acid","HMDB0003229","445638","28716","C08362","188","CCCCCC\C=C/CCCCCCCC(O)=O","1"
"Docosahexaenoic acid","Docosahexaenoic acid","HMDB0002183","445580","28125","C06429","3457","CC\C=C/C\C=C/C\C=C/C\C=C/C\C=C/C\C=C/CCC(O)=O","1"
"Arachidonic acid","Arachidonic acid","HMDB0001043","444899","15843","C00219","193","CCCCC\C=C/C\C=C/C\C=C/C\C=C/CCCC(O)=O","1"
"1-oleoyl-rac-glycerol","MG(18:1(9Z)/0:0/0:0)","HMDB0011567","12178130","75757",NA,NA,"[H][C@](O)(CO)COC(=O)CCCCCCC\C=C/CCCCCCCC","1"
"Docosapentaenoic acid","Docosapentaenoic acid (22n-6)","HMDB0001976","6441454","65136",NA,"6412","CCCCC\C=C/C\C=C/C\C=C/C\C=C/C\C=C/CCC(O)=O","1"
"Eicosapentaenoic acid methyl ester","NA","NA","NA","NA","NA","NA","NA","0"
"Citral","Geranial","HMDB0035078","638011","16980","C01499",NA,"CC(C)=CCC\C(C)=C\C=O","1"
"3-acetyl-11-keto-beta-boswellic acid","3-Acetyl-11-keto-beta-boswellic acid","HMDB0245953","17973666",NA,NA,NA,"CC1CCC2(C)CCC3(C)C(=CC(=O)C4C5(C)CCC(OC(C)=O)C(C)(C5CCC34C)C(O)=O)C2C1C","1"
"Oleate","Oleic acid","HMDB0000207","445639","16196","C00712","190","CCCCCCCC\C=C/CCCCCCCC(O)=O","1"
