EID	massfeature_rows	str_row_ion	compounds	compound_names
E4	row7232	row7232_M+H[1+]	CE2061	
E7	row5537	row5537_M+H[1+]	CE2061	
E8	row6832	row6832_M+Na[1+]	CE2061	
E10	row6467	row6467_M+H[1+]	CE2061	
E14	row12	row12_M+H[1+]	C02218	2-Aminoacrylate; Dehydroalanine
E16	row7543	row7543_M+H[1+]	C02218	2-Aminoacrylate; Dehydroalanine
E20	row956	row956_M+H[1+]	C00437	N2-Acetyl-L-ornithine
E22	row5659	row5659_M+Na[1+]	C05545	Histone N6,N6-dimethyl-L-lysine
E23	row5660	row5660_M+Na[1+]	C05545	Histone N6,N6-dimethyl-L-lysine
E24	row14	row14_M+H[1+]	C00555	4-Aminobutanal; 4-Aminobutyraldehyde; Butyraldehyde, 4-amino-
E28	row7544	row7544_M+H[1+]	C00213;C00041;C00099;C00133	Sarcosine; N-Methylglycine$L-Alanine$beta-Alanine$D-Alanine
E29	row22	row22_M+H[1+]	C00213;C00041;C00099;C00133	Sarcosine; N-Methylglycine$L-Alanine$beta-Alanine$D-Alanine
E33	row34;row6821	row34_M(C13)+2H[2+];row6821_M+H[1+]	C13747;C07480	1,7-Dimethylxanthine; Paraxanthine$
E35	row1020	row1020_M+H[1+]	C13747;C07480;C00031;C00221;C02336;C00267;C00962;C00795;C00137;C00984;C00159	1,7-Dimethylxanthine; Paraxanthine$$D-Glucose$beta-D-Glucose$beta-D-Fructose; beta-Fruit sugar; beta-D-arabino-Hexulose; beta-Levulose; Fructose$alpha-D-Glucose$beta-D-Galactose$D-Tagatose; lyxo-Hexulose$myo-Inositol$alpha-D-Galactose$D-Mannose
E39	row37	row37_M+H[1+]	C00292	Aniline; Phenylamine; Benzenamine; Arylamine
E42	row47	row47_M+Na[1+]	CE2011	hypothiocyanite
E43	row48	row48_M+Na[1+]	CE2011	hypothiocyanite
E45	row965	row965_M+H[1+]	C00954;C05634	Indole-3-acetate$5-Hydroxyindoleacetaldehyde
E46	row966	row966_M+H[1+]	C00954;C05634	Indole-3-acetate$5-Hydroxyindoleacetaldehyde
E50	row98	row98_M+H[1+]	C12455	5-Aminopentanal
E51	row4962	row4962_M+H[1+]	C12455	5-Aminopentanal
E56	row103	row103_M+H[1+]	C00232;C06002;C00349;C00109;C00164	Succinate semialdehyde; Succinic semialdehyde; 4-Oxobutanoate$(S)-Methylmalonate semialdehyde$2-Methyl-3-oxopropanoate; 3-Oxo-2-methylpropanoate; Methylmalonate semialdehyde$2-Oxobutanoate$Acetoacetate
E67	row7828	row7828_M+H[1+]	C16595;C16587	4-Hydroxy-5-phenyltetrahydro-1,3-oxazin-2-one$3-Carbamoyl-2-phenylpropionaldehyde
E68	row1333	row1333_M+Na[1+]	C16595;C16587	4-Hydroxy-5-phenyltetrahydro-1,3-oxazin-2-one$3-Carbamoyl-2-phenylpropionaldehyde
E69	row1154;row5324	row1154_M+H[1+];row5324_M+H+Na[2+]	C16595;C16587	4-Hydroxy-5-phenyltetrahydro-1,3-oxazin-2-one$3-Carbamoyl-2-phenylpropionaldehyde
E72	row1333;row5851	row1333_M+H[1+];row5851_M+HCOONa[1+]	C01233	sn-Glycero-3-phosphoethanolamine
E74	row391	row391_M+Na[1+]	C00472	p-Benzoquinone; Quinone; Chinone; 2,5-Cyclohexadiene-1,4-dione; 1,4-Benzoquinone
E75	row152	row152_M+H[1+]	C00472	p-Benzoquinone; Quinone; Chinone; 2,5-Cyclohexadiene-1,4-dione; 1,4-Benzoquinone
E76	row7204	row7204_M+H[1+]	C00472	p-Benzoquinone; Quinone; Chinone; 2,5-Cyclohexadiene-1,4-dione; 1,4-Benzoquinone
E77	row1343	row1343_M+H[1+]	4nphsf	4-Nitrophenyl sulfate
E80	row1182	row1182_M+H[1+]	C16014	cis-Stilbene oxide
E83	row179	row179_M+H[1+]	C05130	Imidazole-4-acetaldehyde; Imidazole acetaldehyde
E84	row6670	row6670_M+Na[1+]	C00388	Histamine
E87	row191;row5334	row191_M+H[1+];row5334_M[1+]	C00380	Cytosine
E88	row7655	row7655_M+H[1+]	C00380	Cytosine
E93	row204	row204_M+Na[1+]	C00256;C01013;C00186;C00184	D-Lactate$3-Hydroxypropanoate; 3-Hydroxypropanoic acid; 3-Hydroxypropionate; 3-Hydroxypropionic acid; Hydracrylic acid$L-Lactate$Dihydroxyacetone
E94	row5341	row5341_M+Na[1+]	C00256;C01013;C00186;C00184	D-Lactate$3-Hydroxypropanoate; 3-Hydroxypropanoic acid; 3-Hydroxypropionate; 3-Hydroxypropionic acid; Hydracrylic acid$L-Lactate$Dihydroxyacetone
E95	row205	row205_M+H[1+]	C04221	trans-1,2-Dihydrobenzene-1,2-diol
E96	row5343	row5343_M+H[1+]	C04221	trans-1,2-Dihydrobenzene-1,2-diol
E97	row451	row451_M+Na[1+]	C00791	
E101	row1242;row1246	row1242_M+H[1+];row1246_M(C13)+H[1+]	C00750	Spermine
E104	row207;row6733;row765	row207_M+Na[1+];row6733_M+H[1+];row765_M+HCOONa[1+]	CE1950	cyanosulfurous acid anion
E105	row5406	row5406_M+Na[1+]	C03564	1-Pyrroline-2-carboxylate; 1-Pyrroline-2-carboxylic acid; delta1-Pyrroline 2-carboxylate
E106	row212	row212_M+H[1+]	C03564	1-Pyrroline-2-carboxylate; 1-Pyrroline-2-carboxylic acid; delta1-Pyrroline 2-carboxylate
E107	row5407	row5407_M+Na[1+]	C03564	1-Pyrroline-2-carboxylate; 1-Pyrroline-2-carboxylic acid; delta1-Pyrroline 2-carboxylate
E108	row213	row213_M+H[1+]	C03564	1-Pyrroline-2-carboxylate; 1-Pyrroline-2-carboxylic acid; delta1-Pyrroline 2-carboxylate
E110	row7929	row7929_M+H[1+]	C00931	Porphobilinogen
E118	row227;row6536	row227_M+2H[2+];row6536_M+Na[1+]	C06424	tetradecanoate (n-C14:0)
E120	row6538	row6538_M+Na[1+]	C00231;C00117;C00620	D-Xylulose 5-phosphate$alpha-D-Ribose 5-phosphate$alpha-D-Ribose 1-phosphate
E122	row235;row7457	row235_M+2H[2+];row7457_M+H[1+]	C00231;C00117;C00620	D-Xylulose 5-phosphate$alpha-D-Ribose 5-phosphate$alpha-D-Ribose 1-phosphate
E123	row238	row238_M+H[1+]	CE4788;C00763;C00148	acetamidopropanal$D-Proline$L-Proline
E124	row471	row471_M+Na[1+]	CE4788;C00763;C00148	acetamidopropanal$D-Proline$L-Proline
E126	row244	row244_M+Na[1+]	C06755	Chloroacetic acid; Chloroethanoic acid
E127	row6754	row6754_M+Na[1+]	C06755	Chloroacetic acid; Chloroethanoic acid
E128	row7391	row7391_M+Na[1+]	C06755	Chloroacetic acid; Chloroethanoic acid
E129	row260	row260_M+H[1+]	C00719;C00431;C00183	Glycine betaine$5-Aminopentanoate; 5-Aminopentanoic acid; 5-Aminovaleric acid$L-Valine
E130	row7209	row7209_M+H[1+]	C02170;C00042	Methylmalonate; Methylmalonic acid$Succinate
E131	row270;row6414	row270_M+H[1+];row6414_M(C13)+H[1+]	C02170;C00042	Methylmalonate; Methylmalonic acid$Succinate
E132	row6672	row6672_M+Na[1+]	C02170;C00042	Methylmalonate; Methylmalonic acid$Succinate
E134	row514	row514_M+Na[1+]	CE1401	homocysteine thiolactone
E139	row4997	row4997_M+Na[1+]	C15587	Purine
E140	row279	row279_M+H[1+]	C05519;C00188	L-Allo-threonine$L-Threonine
E142	row278	row278_M+H[1+]	C05519;C00188	L-Allo-threonine$L-Threonine
E148	row7974	row7974_M+H[1+]	C00299	Uridine
E150	row1853;row5821	row1853_M+HCOONa[1+];row5821_M+Na[1+]	CE5869	lysyl-proline
E155	row4974	row4974_M+H[1+]	C02846;C05332	N,N-Dimethylaniline; Dimethylaminobenzene; N,N-Dimethylbenzenamine$Phenethylamine
E156	row4975	row4975_M+H[1+]	C02846;C05332	N,N-Dimethylaniline; Dimethylaminobenzene; N,N-Dimethylbenzenamine$Phenethylamine
E160	row1538;row312;row4977	row1538_M+H[1+];row312_M+2H[2+];row4977_M(C13)+2H[2+]	C00627	Pyridoxine 5'-phosphate
E161	row319;row603;row7396	row319_M+H[1+];row603_M+Na[1+];row7396_M(C13)+H[1+]	C00245	Taurine
E168	row331;row5381	row331_M+H[1+];row5381_M(C13)+H[1+]	C00178;C02835	Thymine$Imidazole-4-acetate; Imidazoleacetic acid; 4-Imidazoleacetate
E170	row1667;row6539	row1667_M+Na[1+];row6539_M(C13)+H[1+]	C16582;C16584	2-Hydroxyfelbamate$p-Hydroxyfelbamate
E172	row342;row5837	row342_M+2H[2+];row5837_M+Na[1+]	C16582;C16584	2-Hydroxyfelbamate$p-Hydroxyfelbamate
E173	row1666	row1666_M+Na[1+]	C16582;C16584	2-Hydroxyfelbamate$p-Hydroxyfelbamate
E178	row346	row346_M+H[1+]	C04092;C00450	delta1-Piperideine-2-carboxylate; 1,2-Didehydropiperidine-2-carboxylate$2,3,4,5-Tetrahydropyridine-2-carboxylate; delta1-Piperideine-6-L-carboxylate
E183	row5382	row5382_M+H[1+]	C04092;C00450	delta1-Piperideine-2-carboxylate; 1,2-Didehydropiperidine-2-carboxylate$2,3,4,5-Tetrahydropyridine-2-carboxylate; delta1-Piperideine-6-L-carboxylate
E188	row6164	row6164_M+H[1+]	C00906	5,6-Dihydrothymine
E189	row5469	row5469_M+Na[1+]	C00906	5,6-Dihydrothymine
E190	row357	row357_M+H[1+]	C00906	5,6-Dihydrothymine
E194	row376;row396	row376_M+H[1+];row396_M(C13)+H[1+]	C01879;C04281;C04282	5-Oxoproline$L-1-Pyrroline-3-hydroxy-5-carboxylate$1-Pyrroline-4-hydroxy-2-carboxylate
E197	row7817	row7817_M+Na[1+]	CE1554	N-acetyl-L-alanine
E201	row380;row401	row380_M+H[1+];row401_M(C13)+H[1+]	C05936;C00408	N4-Acetylaminobutanal$L-Pipecolate; Pipecolinic acid; Pipecolic acid; 2-Piperidinecarboxylic acid
E207	row393	row393_M+H[1+]	C01732;C00490	Mesaconate; 2-Methylfumarate; Mesaconic acid; Methylfumaric acid$Itaconate; Itaconic acid; Methylenesuccinic acid
E209	row1695	row1695_M+Na[1+]	C00352;C12214	D-Glucosamine 6-phosphate$Aminofructose 6-phosphate; Amino-D-fructose 6-phosphate
E210	row1586	row1586_M+H[1+]	C00352;C12214	D-Glucosamine 6-phosphate$Aminofructose 6-phosphate; Amino-D-fructose 6-phosphate
E211	row1593;row1832;row5361;row6256	row1593_M+Na[1+];row1832_M+HCOONa[1+];row5361_M+2H[2+];row6256_M+H[1+]	C07501	Felbamate
E214	row5390	row5390_M+H[1+]	C00233;C06102;C03465	4-Methyl-2-oxopentanoate$Adipate semialdehyde; Hexan-1-one-6-carboxylate; 6-Oxohexanoate$3-Methyl-2-oxopentanoate; 2-Oxo-3-methylvalerate
E215	row399	row399_M+H[1+]	C00233;C06102;C03465	4-Methyl-2-oxopentanoate$Adipate semialdehyde; Hexan-1-one-6-carboxylate; 6-Oxohexanoate$3-Methyl-2-oxopentanoate; 2-Oxo-3-methylvalerate
E219	row418;row5486	row418_M+H[1+];row5486_M+Na[1+]	C02642;C00152	N-Carbamoyl-beta-alanine$L-Asparagine
E222	row409	row409_M+H[1+]	C01165;C01157;C00430;C03440;C01110	L-Glutamate 5-semialdehyde; L-Glutamate gamma-semialdehyde$trans-4-Hydroxy-L-proline$5-Aminolevulinate; 5-Amino-4-oxopentanoate; 5-Amino-4-oxovaleric acid$cis-4-Hydroxy-D-proline$5-Amino-2-oxopentanoic acid; 5-Amino-2-oxopentanoate; 2-Oxo-5-amino-pentanoate; 2-Oxo-5-aminopentanoate; alpha-Keto-delta-aminopentanoate; 2-Oxo-5-aminovalerate
E223	row693	row693_M+Na[1+]	C01165;C01157;C00430;C03440;C01110	L-Glutamate 5-semialdehyde; L-Glutamate gamma-semialdehyde$trans-4-Hydroxy-L-proline$5-Aminolevulinate; 5-Amino-4-oxopentanoate; 5-Amino-4-oxovaleric acid$cis-4-Hydroxy-D-proline$5-Amino-2-oxopentanoic acid; 5-Amino-2-oxopentanoate; 2-Oxo-5-amino-pentanoate; 2-Oxo-5-aminopentanoate; alpha-Keto-delta-aminopentanoate; 2-Oxo-5-aminovalerate
E225	row422	row422_M+H[1+]	C06103	6-Hydroxyhexanoic acid; 6-Hydroxyhexanoate
E227	row7657	row7657_M+H[1+]	C06103	6-Hydroxyhexanoic acid; 6-Hydroxyhexanoate
E231	row428	row428_M+H[1+]	C00049;C00402	L-Aspartate$D-Aspartate
E232	row718	row718_M+Na[1+]	C00049;C00402	L-Aspartate$D-Aspartate
E233	row4989	row4989_M+H[1+]	C00049;C00402	L-Aspartate$D-Aspartate
E239	row1239;row447	row1239_M+HCOONa[1+];row447_M+H[1+]	C01801	Deoxyribose
E240	row728	row728_M+Na[1+]	C01801;C05649	Deoxyribose$Dihydropteridine; 6,7-Dihydropteridine
E241	row447	row447_M+H[1+]	C05649	Dihydropteridine; 6,7-Dihydropteridine
E246	row453	row453_M+H[1+]	C00147	Adenine
E247	row5498	row5498_M+Na[1+]	C00147	Adenine
E248	row452	row452_M+H[1+]	C00147	Adenine
E251	row4993;row756	row4993_M+H[1+];row756_M+Na[1+]	C01620;C00262	$Hypoxanthine
E252	row461;row5407	row461_M+H[1+];row5407_M[1+]	C01620;C00262	$Hypoxanthine
E254	row462	row462_M+H[1+]	C07086;C03765	Phenylacetic acid; Benzylformic acid; Phenylacetate; Benzeneacetiic acid$4-Hydroxyphenylacetaldehyde
E255	row463	row463_M+H[1+]	C07086;C03765	Phenylacetic acid; Benzylformic acid; Phenylacetate; Benzeneacetiic acid$4-Hydroxyphenylacetaldehyde
E260	row7683	row7683_M+H[1+]	C00951	Estradiol-17beta; beta-Estradiol; Estradiol
E262	row1646	row1646_M+H[1+]	C00951	Estradiol-17beta; beta-Estradiol; Estradiol
E263	row1645;row5412	row1645_M+H[1+];row5412_M+2H[2+]	C00951	Estradiol-17beta; beta-Estradiol; Estradiol
E265	row472	row472_M+H[1+]	C00483;C01183;C02735	Tyramine$N,N-Dimethylaniline N-oxide$Phenylethanolamine; 2-Amino-1-phenylethanol
E266	row6173	row6173_M+H[1+]	C00483;C01183;C02735	Tyramine$N,N-Dimethylaniline N-oxide$Phenylethanolamine; 2-Amino-1-phenylethanol
E270	row1565	row1565_M+H[1+]	C05844	5-L-Glutamyl-taurine
E272	row1564	row1564_M+H[1+]	C05844	5-L-Glutamyl-taurine
E274	row501	row501_M+H[1+]	C00870	4-Nitrophenol; p-Nitrophenol; PNP; Niphen; 4-Hydroxynitrobenzene
E275	row487	row487_M+Na[1+]	C16622	N,N'-Diacetylhydrazine; Diacetylhydrazine
E278	row487	row487_M+H[1+]	C00785	Urocanate
E285	row512	row512_M+H[1+]	C00227	Acetyl phosphate
E287	row513	row513_M+H[1+]	C00227	Acetyl phosphate
E290	row516	row516_M+H[1+]	C05828	3-Methylimidazoleacetic acid
E291	row517	row517_M+H[1+]	C05828	3-Methylimidazoleacetic acid
E293	row4997	row4997_M+H[1+]	CE5068	2-methylglutaconic acid
E294	row526;row824	row526_M+H[1+];row824_M+Na[1+]	C00346	Ethanolamine phosphate
E299	row554	row554_M+Na[1+]	C09815	Benzamide
E301	row570	row570_M+H[1+]	C11713;C11714;C14787	beta-Naphthol; 2-Naphthol$$(1S,2R)-Naphthalene 1,2-oxide; (1S,2R)-Naphthalene epoxide
E303	row6441	row6441_M+H[1+]	C11713;C11714;C14787	beta-Naphthol; 2-Naphthol$$(1S,2R)-Naphthalene 1,2-oxide; (1S,2R)-Naphthalene epoxide
E304	row6464;row7222	row6464_M+Na[1+];row7222_M[1+]	CE4969	isobutyrylglycine
E314	row6183	row6183_M+H[1+]	C06423	Octanoic acid; Caprylic acid; Octylic acid
E316	row576	row576_M+H[1+]	C06423	Octanoic acid; Caprylic acid; Octylic acid
E323	row1625	row1625_M+H[1+]	C14849;C14851	Benzo[a]pyrene-9,10-oxide; Benzo[a]pyrene-9,10-epoxide$Benzo[a]pyrene-4,5-oxide; Benzo[a]pyrene-4,5-epoxide
E325	row7771	row7771_M+H[1+]	C14849;C14851	Benzo[a]pyrene-9,10-oxide; Benzo[a]pyrene-9,10-epoxide$Benzo[a]pyrene-4,5-oxide; Benzo[a]pyrene-4,5-epoxide
E326	row588	row588_M+H[1+]	C03239;C02946;C04076	6-Amino-2-oxohexanoate; 2-Oxo-6-aminocaproate$4-Acetamidobutanoate$L-2-Aminoadipate 6-semialdehyde; 2-Aminoadipate 6-semialdehyde
E327	row875	row875_M+Na[1+]	C03239;C02946;C04076	6-Amino-2-oxohexanoate; 2-Oxo-6-aminocaproate$4-Acetamidobutanoate$L-2-Aminoadipate 6-semialdehyde; 2-Aminoadipate 6-semialdehyde
E328	row878	row878_M+Na[1+]	C05543	3-Dehydroxycarnitine
E329	row590	row590_M+H[1+]	C05543	3-Dehydroxycarnitine
E330	row879	row879_M+Na[1+]	C05543	3-Dehydroxycarnitine
E332	row591;row7223	row591_M+H[1+];row7223_M(C13)+H[1+]	CE5586;C00315	dehydrospermidine$Spermidine
E333	row7814	row7814_M+H[1+]	CE5586;C00315	dehydrospermidine$Spermidine
E336	row596	row596_M+H[1+]	C00026	2-Oxoglutarate
E337	row600;row6787	row600_M+H[1+];row6787_M(C13)+H[1+]	C00047	L-Lysine
E339	row5536	row5536_M+Na[1+]	C00047	L-Lysine
E342	row5017;row607	row5017_M+Na[1+];row607_M+H[1+]	C00217;C00025;C05938	D-Glutamate; D-Glutamic acid; D-Glutaminic acid; D-2-Aminoglutaric acid$L-Glutamate$L-4-Hydroxyglutamate semialdehyde
E343	row619	row619_M+H[1+]	C00418	(R)-Mevalonate
E344	row637;row910	row637_M(C13)+H[1+];row910_M+Na[1+]	C00418	(R)-Mevalonate
E345	row620	row620_M+H[1+]	C00418	(R)-Mevalonate
E347	row644	row644_M+H[1+]	C14872	
E348	row5468	row5468_M+H[1+]	C14872	
E350	row7787	row7787_M+H[1+]	CE4888;C05578	dopaminochrome$5,6-Dihydroxyindole; DHI
E351	row647	row647_M+H[1+]	C00259;C00309;C00312;C00310;C00121;C00181	L-Arabinose$D-Ribulose; D-erythro-2-Pentulose; D-Arabinoketose; D-Arabinulose; D-Riboketose$L-Xylulose$D-Xylulose$D-Ribose$D-Xylose
E352	row647;row6791	row647_M(C13)+H[1+];row6791_M+H[1+]	C00073	L-Methionine
E353	row649	row649_M+H[1+]	C02646	4-Coumaryl alcohol; 4-Hydroxycinnamyl alcohol; p-Coumaryl alcohol
E361	row7817	row7817_M+H[1+]	C00385	Xanthine
E369	row6794	row6794_M+H[1+]	C02576	Perillyl aldehyde; Perillaldehyde
E370	row5470	row5470_M+H[1+]	C02576	Perillyl aldehyde; Perillaldehyde
E372	row671	row671_M+Na[1+]	C06790	Trichloroethene; Trichloroethylene; TCE
E374	row674	row674_M+H[1+]	C05527	3-Sulfinopyruvate
E378	row679	row679_M+H[1+]	C05842;C05843	N1-Methyl-2-pyridone-5-carboxamide; N'-Methyl-2-pyridone-5-carboxamide; 1-Methyl-5-carboxylamide-2-pyridone$N1-Methyl-4-pyridone-5-carboxamide; N'-Methyl-4-pyridone-5-carboxamide; 1-Methyl-4-pyridone-3-carboximide
E381	row681;row951	row681_M+H[1+];row951_M+Na[1+]	C00379;C00532	Xylitol$L-Arabinitol
E382	row952	row952_M+Na[1+]	C00379;C00532	Xylitol$L-Arabinitol
E383	row693	row693_M+H[1+]	C00632	3-Hydroxyanthranilate
E384	row695	row695_M+Na[1+]	C00123;C00407	L-Leucine$L-Isoleucine
E385	row965	row965_M+Na[1+]	C03758	Dopamine
E387	row966	row966_M+Na[1+]	C03758	Dopamine
E388	row696	row696_M+H[1+]	C03758	Dopamine
E390	row964	row964_M+Na[1+]	C03758	Dopamine
E391	row1837;row1909;row698	row1837_M+H[1+];row1909_M+Na[1+];row698_M+2H[2+]	C00051	Reduced glutathione
E395	row994	row994_M+Na[1+]	C00135	L-Histidine
E399	row713	row713_M+H[1+]	CE2577	
E400	row6473	row6473_M+Na[1+]	CE2577	
E402	row6474	row6474_M+Na[1+]	CE2577	
E403	row712	row712_M+H[1+]	CE2577	
E405	row5487;row720	row5487_M+H[1+];row720_M(C13)+H[1+]	C06608	Diethylphosphoric acid; O,O-Diethylphosphoric acid
E406	row724	row724_M+H[1+]	C00988	2-Phosphoglycolate
E407	row725	row725_M+H[1+]	C00988	2-Phosphoglycolate
E409	row730	row730_M+H[1+]	CE2026	3-methylcrotonoylglycine
E410	row734	row734_M+H[1+]	CE2006;CE6506	$
E411	row5586	row5586_M+Na[1+]	CE2006;CE6506	$
E412	row5492	row5492_M+H[1+]	CE2006;CE6506	$
E413	row5587	row5587_M+Na[1+]	CE2006;CE6506	$
E416	row6978	row6978_M+H[1+]	CE6415;CE6502	$
E418	row1940;row734	row1940_M+Na[1+];row734_M+2H[2+]	C04717;C14827	(9Z,11E)-(13S)-13-Hydroperoxyoctadeca-9,11-dienoic acid; (9Z,11E)-(13S)-13-Hydroperoxyoctadeca-9,11-dienoate; 13(S)-HPODE; 13S-Hydroperoxy-9Z,11E-octadecadienoic acid$9(S)-HPODE; 9(S)-HPOD; (10E,12Z)-(9S)-9-Hydroperoxyoctadeca-10,12-dienoic acid
E421	row6821	row6821_M+Na[1+]	CE4970;CE4968	2-methylbutyrylglycine$isovalerylglycine
E422	row1020	row1020_M+Na[1+]	CE4970;CE4968	2-methylbutyrylglycine$isovalerylglycine
E427	row5498	row5498_M+H[1+]	C02220	2-Aminomuconate
E431	row6458	row6458_M+Na[1+]	1mncam;C02918	1-Methylnicotinamide$1-Methylnicotinamide
E433	row770	row770_M+Na[1+]	1mncam;C02918	1-Methylnicotinamide$1-Methylnicotinamide
E434	row771	row771_M+H[1+]	C00637	Indole-3-acetaldehyde
E436	row780	row780_M+H[1+]	C00322	2-Oxoadipate
E437	row7766	row7766_M+H[1+]	C00398	Tryptamine
E439	row785	row785_M+H[1+]	C00398	Tryptamine
E441	row6217	row6217_M+Na[1+]	C00398	Tryptamine
E446	row1063	row1063_M+Na[1+]	C15606	1,2-Dihydroxy-5-(methylthio)pent-1-en-3-one
E448	row6484	row6484_M+Na[1+]	C15606	1,2-Dihydroxy-5-(methylthio)pent-1-en-3-one
E452	row6989	row6989_M+H[1+]	C00364	dTMP
E453	row7995	row7995_M+Na[1+]	C00364	dTMP
E454	row801	row801_M+H[1+]	C00956	L-2-Aminoadipate; L-alpha-Aminoadipate; L-alpha-Aminoadipic acid; L-2-Aminoadipic acid; L-2-Aminohexanedioate
E455	row6825	row6825_M+Na[1+]	C00956	L-2-Aminoadipate; L-alpha-Aminoadipate; L-alpha-Aminoadipic acid; L-2-Aminoadipic acid; L-2-Aminohexanedioate
E456	row1886;row1889;row1977;row813	row1886_M+H[1+];row1889_M(C13)+H[1+];row1977_M+Na[1+];row813_M(C13)+2H[2+]	C00055	CMP
E458	row7731	row7731_M+H[1+]	CN0016	Dibenzo[a,l]pyrene
E460	row825	row825_M+Na[1+]	C03824	2-Aminomuconate 6-semialdehyde
E461	row6439	row6439_M+H[1+]	C03824	2-Aminomuconate 6-semialdehyde
E462	row7219	row7219_M+H[1+]	C03824	2-Aminomuconate 6-semialdehyde
E464	row1090;row852	row1090_M+Na[1+];row852_M+H[1+]	C06199	Hordenine; 4-[2-(Dimethylamino)ethyl]phenol
E465	row1091;row853	row1091_M+Na[1+];row853_M+H[1+]	C06199	Hordenine; 4-[2-(Dimethylamino)ethyl]phenol
E468	row6463;row862	row6463_M+H[1+];row862_M(C13)+H[1+]	C00079;CE2172	L-Phenylalanine$
E469	row1089	row1089_M+Na[1+]	C00079;CE2172	L-Phenylalanine$
E471	row5904	row5904_M+Na[1+]	CE5528	
E473	row1451;row863	row1451_M+HCOONa[1+];row863_M+H[1+]	C11924	Perillic acid
E480	row7789	row7789_M+H[1+]	C00074	Phosphoenolpyruvate
E482	row1108;row875	row1108_M+Na[1+];row875_M+H[1+]	C00250	Pyridoxal
E483	row876	row876_M+H[1+]	C00250	Pyridoxal
E487	row879	row879_M+H[1+]	C05587;C07453	3-Methoxytyramine$Epinine; Deoxyepinephrine
E488	row886	row886_M+H[1+]	C05528	3-Sulfopyruvate; 3-Sulfopyruvic acid
E490	row7980;row887	row7980_M(C13)+H[1+];row887_M+H[1+]	C05528	3-Sulfopyruvate; 3-Sulfopyruvic acid
E491	row899;row907	row899_M[1+];row907_M+H[1+]	C00661;C00111	DL-Glyceraldehyde 3-phosphate$Dihydroxyacetone phosphate
E492	row6202	row6202_M+H[1+]	C00661;C00111	DL-Glyceraldehyde 3-phosphate$Dihydroxyacetone phosphate
E496	row900	row900_M+H[1+]	C00547;C00314	Norepinephrine$Pyridoxine
E498	row7234	row7234_M+H[1+]	C00547;C00314	Norepinephrine$Pyridoxine
E501	row7640	row7640_M+Na[1+]	C03785;C05378;C00354;C03693;C00665;C01220;C01231;C04063;C04062	D-Tagatose 1,6-bisphosphate$beta-D-Fructose 1,6-bisphosphate$D-Fructose 1,6-bisphosphate$D-Mannose 1,6-bisphosphate$D-Fructose 2,6-bisphosphate$1D-myo-Inositol 1,4-bisphosphate$alpha-D-Glucose 1,6-bisphosphate; alpha-D-Glucose 1,6-biphosphate$D-myo-Inositol 3,4-bisphosphate; 1D-myo-Inositol 3,4-bisphosphate; Inositol 3,4-bisphosphate$D-myo-Inositol 1,3-bisphosphate; 1D-myo-Inositol 1,3-bisphosphate; myo-Inositol 1,3-bisphosphate; Inositol 1,3-bisphosphate
E506	row7967	row7967_M+Na[1+]	C07344	3-Hydroxyquinine
E508	row2166;row5078	row2166_M+HCOONa[1+];row5078_M+Na[1+]	C00208;C00252;C00243;C01083;C00089;C01235;C05400;C05402	Maltose$Isomaltose; Brachiose$Lactose$Trehalose$Sucrose$1-alpha-D-Galactosyl-myo-inositol; 1-O-alpha-D-Galactosyl-D-myo-inositol; Galactinol$Epimelibiose$Melibiose
E515	row944	row944_M+Na[1+]	CE5665	leukoaminochrome
E516	row5475	row5475_M+H[1+]	CE5665	leukoaminochrome
E517	row7236	row7236_M+H[1+]	C00327	L-Citrulline; 2-Amino-5-ureidovaleric acid; Citrulline
E519	row7227	row7227_M+H[1+]	C02452;C11409;C02759;C00964	Perillyl alcohol; (-)-Perillyl alcohol; p-Mentha-1,8-dien-7-ol; (-)-Perillylalcohol$(+)-trans-Carveol; (4S,6R)-trans-Carveol$$(-)-trans-Carveol
E520	row6189	row6189_M+H[1+]	C02452;C11409;C02759;C00964	Perillyl alcohol; (-)-Perillyl alcohol; p-Mentha-1,8-dien-7-ol; (-)-Perillylalcohol$(+)-trans-Carveol; (4S,6R)-trans-Carveol$$(-)-trans-Carveol
E521	row956	row956_M+Na[1+]	C02452;C11409;C02759;C00964	Perillyl alcohol; (-)-Perillyl alcohol; p-Mentha-1,8-dien-7-ol; (-)-Perillylalcohol$(+)-trans-Carveol; (4S,6R)-trans-Carveol$$(-)-trans-Carveol
E522	row957;row970	row957_M+H[1+];row970_M(C13)+H[1+]	C00062;C00792	L-Arginine$D-Arginine; D-2-Amino-5-guanidinovaleric acid
E524	row961	row961_M+Na[1+]	C01962	Thiocysteine
E526	row5566	row5566_M+Na[1+]	C01962	Thiocysteine
E528	row6843	row6843_M+Na[1+]	C00499	Allantoate; Allantoic acid
E531	row1185	row1185_M+Na[1+]	C01045;C01042	N-Formyl-L-glutamate$N-Acetyl-L-aspartate
E532	row962;row979	row962_M+H[1+];row979_M(C13)+H[1+]	C01045;C01042	N-Formyl-L-glutamate$N-Acetyl-L-aspartate
E535	row6745	row6745_M+H[1+]	C00519	Hypotaurine
E537	row995	row995_M+H[1+]	CE1918;CE5629	5-hydroxytryptophol$1,2-dehydrosalsolinol
E539	row6846	row6846_M+Na[1+]	CE1918;CE5629	5-hydroxytryptophol$1,2-dehydrosalsolinol
E540	row5578	row5578_M+H[1+]	CE1918;CE5629	5-hydroxytryptophol$1,2-dehydrosalsolinol
E543	row1002	row1002_M+H[1+]	C01419	Cys-Gly
E544	row6821	row6821_M+H[1+]	C00031;C00221;C02336;C00267;C00962;C00795;C00137;C00984;C00159	D-Glucose$beta-D-Glucose$beta-D-Fructose; beta-Fruit sugar; beta-D-arabino-Hexulose; beta-Levulose; Fructose$alpha-D-Glucose$beta-D-Galactose$D-Tagatose; lyxo-Hexulose$myo-Inositol$alpha-D-Galactose$D-Mannose
E545	row1239	row1239_M+Na[1+]	C00031;C00221;C02336;C00267;C00962;C00795;C00137;C00984;C00159	D-Glucose$beta-D-Glucose$beta-D-Fructose; beta-Fruit sugar; beta-D-arabino-Hexulose; beta-Levulose; Fructose$alpha-D-Glucose$beta-D-Galactose$D-Tagatose; lyxo-Hexulose$myo-Inositol$alpha-D-Galactose$D-Mannose
E546	row5592	row5592_M+H[1+]	CE5536;C01586	adrenochrome$Hippurate; Hippuric acid; N-Benzoylglycine; Benzoylaminoacetic acid
E547	row1009	row1009_M+H[1+]	CE5536;C01586	adrenochrome$Hippurate; Hippuric acid; N-Benzoylglycine; Benzoylaminoacetic acid
E548	row1012;row7822	row1012_M+H[1+];row7822_M(C13)+H[1+]	C09642	(-)-Salsolinol; 6,7-Isoquinolinediol, 1,2,3,4-tetrahydro-1-methyl-, (S)-; Salsolinol
E549	row7251	row7251_M+Na[1+]	C09642	(-)-Salsolinol; 6,7-Isoquinolinediol, 1,2,3,4-tetrahydro-1-methyl-, (S)-; Salsolinol
E556	row5595	row5595_M+Na[1+]	C01601	
E557	row1021	row1021_M+Na[1+]	C01601	
E558	row1032;row5505	row1032_M+Na[1+];row5505_M+H[1+]	C03087	5-Acetamidopentanoate
E560	row7409	row7409_M+H[1+]	C03087	5-Acetamidopentanoate
E561	row1032	row1032_M+H[1+]	C00082;CE2174	L-Tyrosine$
E565	row1045	row1045_M+H[1+]	C05689;C05698	Se-Methylselenocysteine$Selenohomocysteine
E566	row1044	row1044_M+H[1+]	C05689;C05698	Se-Methylselenocysteine$Selenohomocysteine
E567	row1062	row1062_M+H[1+]	C03232	3-Phosphohydroxypyruvate
E568	row7424	row7424_M+H[1+]	C03232	3-Phosphohydroxypyruvate
E569	row1065	row1065_M+H[1+]	C00588;C05594	Choline phosphate$3-Methoxy-4-hydroxyphenylethyleneglycol
E570	row1270	row1270_M+Na[1+]	C00588;C05594	Choline phosphate$3-Methoxy-4-hydroxyphenylethyleneglycol
E571	row1066	row1066_M+H[1+]	C00588;C05594	Choline phosphate$3-Methoxy-4-hydroxyphenylethyleneglycol
E572	row1067	row1067_M+H[1+]	C00588;C05594	Choline phosphate$3-Methoxy-4-hydroxyphenylethyleneglycol
E578	row5680	row5680_M+Na[1+]	C16613	
E579	row6855	row6855_M+Na[1+]	C01005	O-Phospho-L-serine
E580	row1072	row1072_M+H[1+]	C01005	O-Phospho-L-serine
E581	row1073;row6828	row1073_M+H[1+];row6828_M(C13)+H[1+]	C04409	2-Amino-3-carboxymuconate semialdehyde
E582	row7503	row7503_M+Na[1+]	CE0955;CE6232;CE5945	$prostaglandin G1$10,11-dihydro-20-dihydroxy-LTB4
E587	row1095	row1095_M+Na[1+]	C05581	3-Methoxy-4-hydroxyphenylacetaldehyde
E588	row1096	row1096_M+Na[1+]	C05581	3-Methoxy-4-hydroxyphenylacetaldehyde
E591	row5626	row5626_M+H[1+]	C02727	N6-Acetyl-L-lysine
E592	row1101	row1101_M+H[1+]	C02727	N6-Acetyl-L-lysine
E593	row1108	row1108_M+H[1+]	C01717	4-Hydroxy-2-quinolinecarboxylic acid
E595	row1116	row1116_M+H[1+]	CE1562	5,6-indolequinone-2-carboxylate
E596	row1115	row1115_M+H[1+]	CE1562	5,6-indolequinone-2-carboxylate
E599	row1119	row1119_M+H[1+]	C05829	
E600	row7835	row7835_M+Na[1+]	C05829	
E604	row5632	row5632_M+H[1+]	C00624	N-Acetyl-L-glutamate; N-Acetyl-L-glutamic acid
E606	row1137	row1137_M+Na[1+]	C06607	Diethylthiophosphoric acid; DETP
E608	row1136	row1136_M+Na[1+]	C06607	Diethylthiophosphoric acid; DETP
E612	row6226;row7849	row6226_M+H[1+];row7849_M+HCOONa[1+]	CE4890;C09640	N-methylsalsolinol$(-)-Salsoline
E617	row7718	row7718_M+H[1+]	C06114	gamma-Glutamyl-beta-aminopropiononitrile; gamma-Glutamyl-3-aminopropiononitrile
E620	row6189	row6189_M+Na[1+]	C00756	1-Octanol
E624	row1235	row1235_M+Na[1+]	C00329	D-Glucosamine
E626	row1311;row2201	row1311_M+H+Na[2+];row2201_M+Na[1+]	C05983	Propinol adenylate; Propionyladenylate
E629	row1254;row7257	row1254_M+H[1+];row7257_M(C13)+H[1+]	C00078;C00525	L-Tryptophan$D-Tryptophan
E637	row1423	row1423_M+Na[1+]	C00328;C05647	L-Kynurenine$Formyl-5-hydroxykynurenamine
E643	row1300	row1300_M+H[1+]	C02305	Phosphocreatine; N-Phosphocreatine; Creatine phosphate
E648	row1341	row1341_M+H[1+]	pcrn	propionyl-carnitine
E649	row7668	row7668_M+Na[1+]	CE5277	aminochrome o-semiquinone
E658	row6243;row7261;row7275	row6243_M+H[1+];row7261_M(C13)+H[1+];row7275_M+HCOONa[1+]	C00643	5-Hydroxy-L-tryptophan
E660	row7261;row7931	row7261_M+H[1+];row7931_M+Na[1+]	C01074;C00645;C00140	N-Acetylgalactosamine; N-Acetylchondrosamine; 2-Acetamido-2-deoxygalactose; GalNAc$N-Acetyl-D-mannosamine; 2-Acetamido-2-deoxy-D-mannose$N-Acetyl-D-glucosamine
E665	row1365;row2238;row2240;row2294;row5715	row1365_M(C13)+2H[2+];row2238_M+H[1+];row2240_M(C13)+H[1+];row2294_M+Na[1+];row5715_M+2H[2+]	C00504	Folate
E670	row5780	row5780_M+Na[1+]	C02291;C00542	L-Cystathionine$Cystathionine
E672	row1370	row1370_M+H[1+]	C02291;C00542	L-Cystathionine$Cystathionine
E680	row1430	row1430_M+H[1+]	C05932	N-Succinyl-L-glutamate 5-semialdehyde; (2S)-2-(3-Carboxypropanoylamino)-5-oxopentanoic acid
E682	row7679	row7679_M+H[1+]	C05932	N-Succinyl-L-glutamate 5-semialdehyde; (2S)-2-(3-Carboxypropanoylamino)-5-oxopentanoic acid
E684	row1561	row1561_M+Na[1+]	CE1661	gama-L-glutamyl-L-alpha-aminobutyrate
E686	row1434	row1434_M+Na[1+]	C02325	Sinapyl alcohol; Sinapoyl alcohol
E688	row1453	row1453_M+H[1+]	C07073	Lidocaine
E689	row1467;row4973	row1467_M+Na[1+];row4973_M+H+Na[2+]	C16015	(+)-(1R,2R)-1,2-Diphenylethane-1,2-diol
E698	row5554	row5554_M+H[1+]	C00093	Glycerol 3-phosphate
E699	row1493;row1499;row5365;row7211	row1493_M+H[1+];row1499_M(C13)+H[1+];row5365_M(C13)+2H[2+];row7211_M+2H[2+]	C00491	L-Cystine; L-Dicysteine; L-alpha-Diamino-beta-dithiolactic acid
E700	row1599	row1599_M+Na[1+]	C00491	L-Cystine; L-Dicysteine; L-alpha-Diamino-beta-dithiolactic acid
E702	row5046	row5046_M+H[1+]	C00491	L-Cystine; L-Dicysteine; L-alpha-Diamino-beta-dithiolactic acid
E706	row6227	row6227_M+Na[1+]	C01250	N-Acetyl-L-glutamate 5-semialdehyde; 2-Acetamido-5-oxopentanoate
E708	row1510;row6928	row1510_M+H[1+];row6928_M+Na[1+]	C00120	Biotin; D-Biotin; Vitamin H; Coenzyme R
E712	row7073	row7073_M+H[1+]	C04549	1-Phosphatidyl-1D-myo-inositol 3-phosphate 
E715	row5830	row5830_M+Na[1+]	C00647	Pyridoxamine 5'-phosphate
E719	row1587;row2360;row2439	row1587_M+H+Na[2+];row2360_M+H[1+];row2439_M+HCOONa[1+]	C14803;C14806;C14804;C14805	1-Nitro-7-hydroxy-8-glutathionyl-7,8-dihydronaphthalene$1-Nitro-5-glutathionyl-6-hydroxy-5,6-dihydronaphthalene$1-Nitro-7-glutathionyl-8-hydroxy-7,8-dihydronaphthalene$1-Nitro-5-hydroxy-6-glutathionyl-5,6-dihydronaphthalene
E722	row1536	row1536_M+H[1+]	nrpphrsf	Sulfate derivative of norepinephrine
E723	row1537	row1537_M+H[1+]	nrpphrsf	Sulfate derivative of norepinephrine
E724	row1540	row1540_M+H[1+]	C01136;C16255	S-Acetyldihydrolipoamide; 6-S-Acetyldihydrolipoamide$[Dihydrolipoyllysine-residue acetyltransferase] S-acetyldihydrolipoyllysine; S-Acetyldihydrolipoamide-E
E727	row1541;row1547	row1541_M+H[1+];row1547_M(C13)+H[1+]	C01136;C16255	S-Acetyldihydrolipoamide; 6-S-Acetyldihydrolipoamide$[Dihydrolipoyllysine-residue acetyltransferase] S-acetyldihydrolipoyllysine; S-Acetyldihydrolipoamide-E
E728	row1546;row1551	row1546_M+H[1+];row1551_M(C13)+H[1+]	C00669	gamma-L-Glutamyl-L-cysteine
E729	row1639	row1639_M+Na[1+]	C00669	gamma-L-Glutamyl-L-cysteine
E731	row1545;row6909	row1545_M+H[1+];row6909_M[1+]	C00669	gamma-L-Glutamyl-L-cysteine
E734	row1551;row1561;row1654;row5890	row1551_M[1+];row1561_M(C13)+H[1+];row1654_M+Na[1+];row5890_M+HCOONa[1+]	C05648	5-Hydroxy-N-formylkynurenine; 5-Hydroxy-N-formyl-L-kynurenine
E739	row7459	row7459_M+H[1+]	CE2847;C03684;C00835	fructoseglycine$6-Pyruvoyl-5,6,7,8-tetrahydropterin$Sepiapterin
E740	row1588	row1588_M+Na[1+]	CE2847;C03684;C00835	fructoseglycine$6-Pyruvoyl-5,6,7,8-tetrahydropterin$Sepiapterin
E741	row1600;row5709	row1600_M+HCOONa[1+];row5709_M+Na[1+]	C00618;C06472;C00191	3-Dehydro-L-gulonate$L-Iduronic acid$D-Glucuronate
E744	row1649	row1649_M+Na[1+]	C00559;C05198	Deoxyadenosine$5'-Deoxyadenosine
E745	row1648	row1648_M+Na[1+]	C00559;C05198	Deoxyadenosine$5'-Deoxyadenosine
E748	row6539;row6943	row6539_M+H[1+];row6943_M+Na[1+]	C04874	Dihydroneopterin
E749	row1675	row1675_M+Na[1+]	C04874;C03150	Dihydroneopterin$N-Ribosylnicotinamide
E754	row1743	row1743_M+Na[1+]	CE2065	acetylcarnosine
E759	row5796	row5796_M+Na[1+]	CE1059	
E760	row1796	row1796_M+Na[1+]	C01449	Queuine; Base Q
E762	row1798;row1807	row1798_M+H[1+];row1807_M(C13)+H[1+]	C02934;C00319	3-Dehydrosphinganine$Sphingosine
E764	row1806	row1806_M+H[1+]	C00777;C15493	Retinoate$9-cis-Retinoic acid
E769	row1806	row1806_M+Na[1+]	C06426;C06427	(6Z,9Z,12Z)-Octadecatrienoic acid; 6,9,12-Octadecatrienoic acid; gamma-Linolenic acid; Gamolenic acid$(9Z,12Z,15Z)-Octadecatrienoic acid; alpha-Linolenic acid; 9,12,15-Octadecatrienoic acid; Linolenate; alpha-Linolenate
E771	row1810	row1810_M+H[1+]	C00836	Sphinganine
E773	row7965	row7965_M+H[1+]	C00357;C04256;C04257	N-Acetyl-D-glucosamine 6-phosphate$N-Acetyl-D-glucosamine 1-phosphate$N-Acetyl-D-mannosamine 6-phosphate; N-Acetylmannosamine 6-phosphate
E780	row1829	row1829_M+H[1+]	dmhptcrn	2,6 dimethylheptanoyl carnitine
E781	row7774	row7774_M+H[1+]	dmhptcrn	2,6 dimethylheptanoyl carnitine
E782	row6710	row6710_M+H[1+]	C00127	Oxidized glutathione
E783	row1831;row1834;row2490;row2491;row2514	row1831_M+2H[2+];row1834_M(C13)+2H[2+];row2490_M+H[1+];row2491_M(C13)+H[1+];row2514_M+Na[1+]	C00127	Oxidized glutathione
E787	row7280	row7280_M+H[1+]	C02515	3-Iodo-L-tyrosine
E791	row6923	row6923_M+Na[1+]	C00272	Tetrahydrobiopterin
E796	row6999	row6999_M+Na[1+]	C04640	2-(Formamido)-N1-(5-phospho-D-ribosyl)acetamidine
E797	row1856	row1856_M+H[1+]	C04640	2-(Formamido)-N1-(5-phospho-D-ribosyl)acetamidine
E800	row5121	row5121_M+H[1+]	C00128	CMP-N-acetylneuraminate
E803	row5888	row5888_M+H[1+]	C05606	Melanin
E804	row1877	row1877_M+H[1+]	C05606	Melanin
E805	row1881	row1881_M+Na[1+]	C00170	5-Methylthioadenosine
E817	row1935	row1935_M+Na[1+]	C05695	gamma-Glutamyl-Se-methylselenocysteine; 5-L-Glutamyl-Se-methylselenocysteine
E818	row1940	row1940_M+H[1+]	CE5928;CE5925;C05953;C05957;C05954;C05955;CE5535;CE5537	$$Prostaglandin A2; PGA2; Medullin$Prostaglandin J2; PGJ2$Prostaglandin B2; PGB2$Prostaglandin C2; PGC2$$
E826	row1947	row1947_M+Na[1+]	C00921	Dihydropteroate; 7,8-Dihydropteroate
E830	row1953	row1953_M+H[1+]	C14180	hydroxymethylglutathione
E832	row1956	row1956_M+Na[1+]	CE1261	5-S-cysteinyldopa
E834	row7270	row7270_M+H[1+]	CE5274	
E841	row1971;row5946	row1971_M+H[1+];row5946_M+Na[1+]	C16548	N,N-Didesmethyltamoxifen
E844	row1993;row5072	row1993_M(C13)+H[1+];row5072_M+H[1+]	C00020;C00362	AMP$dGMP
E845	row7591	row7591_M+H[1+]	C00020;C00362	AMP$dGMP
E846	row1994	row1994_M+Na[1+]	C05839	cis-beta-D-Glucosyl-2-hydroxycinnamate; beta-D-Glucosyl-2-coumarinate
E848	row2010	row2010_M+Na[1+]	C00360	dAMP
E849	row7884;row7945	row7884_M(C13)+H[1+];row7945_M+Na[1+]	C00360	dAMP
E854	row2037	row2037_M+Na[1+]	C03033	beta-D-Glucuronoside; Acceptor beta-D-glucuronoside; Glucuronide; beta-D-Glucuronide
E855	row2038	row2038_M+Na[1+]	C05403	3-Ketolactose
E859	row2066	row2066_M+H[1+]	CE3086	4-(2-amino-3-hydroxyphenyl)-4-oxobutanoic acid O-glucoside
E860	row2131	row2131_M+Na[1+]	CE3086	4-(2-amino-3-hydroxyphenyl)-4-oxobutanoic acid O-glucoside
E861	row2071;row7013	row2071_M+Na[1+];row7013_M(C13)+H[1+]	CE7114;CE2053;CE5138;CE5661;CE7115;CE7113;CE7112;CE7088	$20-oxo-leukotriene B4$12-oxo-20-hydroxy-leukotriene B4$15-oxo-lipoxin A4$20-hydroxy-leukotriene B5$15-epi-lipoxin B5$15-epi-lipoxin A5$PGH3
E862	row2080;row2083;row7968	row2080_M[1+];row2083_M+H[1+];row7968_M+Na[1+]	C00255	Riboflavin
E864	row2084	row2084_M+Na[1+]	C04843;C04741;C05959;C14814;C00639;C14782	(5Z,9E,14Z)-(8xi,11xi,12S)-8,11,12-Trihydroxyicosa-5,9,14-trienoate; (5Z,9E,14Z)-(8xi,11xi,12S)-8,11,12-Trihydroxyicosa-5,9,14-trienoic acid; Trioxilin A3$Alprostadil; Prostaglandin E1; (13E)-(15S)-11alpha,15-Dihydroxy-9-oxoprost-13-enoate$11-epi-Prostaglandin F2alpha; 11-epi-Prostaglandin F2a; 11-epi-PGF2alpha; 11-epi-PGF2a$11,14,15-THETA; 11,14,15-Trihydroxyicosatrienoic acid; (5Z,8Z,12E)-11,14,15-Trihydroxyeicosa-5,8,12-trienoic acid; (5Z,8Z,12E)-11,14,15-Trihydroxyicosa-5,8,12-trienoic acid$Prostaglandin F2alpha; (5Z,13E)-(15S)-9alpha,11alpha,15-Trihydroxyprosta-5,13-dienoate; (+)-Prostaglandin F2a; 7-[3,5-Dihydroxy-2-(3-hydroxy-1-octenyl)cyclopentyl]-5-heptenoic acid; 9a,11a-PGF2; Amoglandin; Cyclosin; Dinoprost; Enzaprost; Enzaprost F; Panacelan; PGF2a; 9,11,15-Trihydroxy-(5Z,9a,11a,13E,15S)-prosta-5,13-dien-1-oic acid; Prostaglandin F2a; Prostin F 2 alpha; Protamodin; U 14583$11,12,15-THETA; 11,12,15-Trihydroxyicosatrienoic acid; (5Z,8Z,13E)-(15S)-11,12,15-Trihydroxyeicosa-5,8,12-trienoic acid; (5Z,8Z,13E)-(15S)-11,12,15-Trihydroxyicosa-5,8,12-trienoic acid
E867	row5964	row5964_M+Na[1+]	CE6466;CE6467;CE6465;CE6462;CE6463;CE6460;CE6461;CE6459;CE6458;CE6457;CE6455;CE6454;CE6453;CE6452;CE6456;CE6464	$$$$$$$$$$$$$$$
E870	row2097;row2101	row2097_M+H[1+];row2101_M(C13)+H[1+]	C14864;C14865	S-(2-Chloroacetyl)glutathione$2-(S-Glutathionyl)acetyl chloride
E873	row2110	row2110_M+Na[1+]	CE5139	12-oxo-20-dihydroxy-leukotriene B4
E875	row2124;row2133;row7503	row2124_M[1+];row2133_M(C13)+H[1+];row7503_M+H[1+]	CE6444;CE6445;CE6446;CE6448;CE6451;CE6450;CE6447;CE6449	$$$$$$$
E878	row2124;row7735	row2124_M+Na[1+];row7735_M+HCOONa[1+]	C05962;C05956	$Prostaglandin G2; PGG2
E880	row2134	row2134_M+H[1+]	C04483;C02528	3alpha,12alpha-Dihydroxy-5beta-cholanate; Deoxycholic acid; Deoxycholate; 3alpha,12alpha-Dihydroxy-5beta-cholanic acid$Chenodeoxycholate; Chenodeoxycholic acid; 3alpha,7alpha-Dihydroxy-5beta-cholanic acid; Chenodiol
E884	row2190	row2190_M+Na[1+]	CE2874	3'-monoiodo-L-thyronine
E891	row2223	row2223_M+H[1+]	CE2202;C17335	23S,25,26-trihydroxyvitamin D3$
E896	row2289	row2289_M+Na[1+]	CE7072	13'-carboxy-gama-tocotrienol
E899	row2246	row2246_M+H[1+]	C00570	CDPethanolamine
E903	row2249	row2249_M+H[1+]	estroneglc;C11133	estrone glucuronide$Estrone glucuronide; Estrone 3-glucuronide; Estrone beta-D-glucuronide
E915	row7989	row7989_M+H[1+]	C05455;C01561	7alpha-Hydroxycholest-4-en-3-one$Calcidiol; 25-Hydroxyvitamin D3; Calcifediol; Calcifediol anhydrous
E919	row2335	row2335_M+H[1+]	C02592	Taurolithocholate; Taurolithocholic acid
E922	row2345	row2345_M+Na[1+]	chsterols;C01921	cholesterol sulfate$glycocholate
E924	row2346;row6018	row2346_M+H[1+];row6018_M+Na[1+]	C00307	CDPcholine
E926	row2348	row2348_M+H[1+]	CE2306;CE2305;CE2304;CE2303	12-O-D-glucuronoside-13-hydroxyoctadec-9Z-enoate$12-hydroxy-13-O-D-glucuronoside-octadec-9Z-enoate$10-hydroxy-octadec-12Z-enoate-9-beta-D-glucuronide$9-hydroxy-10-O-D-glucuronoside-12Z-octadecenoate
E929	row2359	row2359_M+Na[1+]	dcsptn1crn;clpndcrn	docosa-4,7,10,13,16-pentaenoyl carnitine$clupanodonyl carnitine
E930	row2370	row2370_M+H[1+]	C05463;C05465	Taurodeoxycholate$Taurochenodeoxycholate; Chenodeoxycholoyltaurine
E934	row7314	row7314_M+Na[1+]	tmndnccrn	Timnodonyl carnitine
E941	row2443	row2443_M+H[1+]	C11376	SN38 glucuronide; SN-38G
E944	row2500	row2500_M+Na[1+]	CE2873;CE2870	3',5'-diiodo-L-thyronine 4'-O-sulfate$3,3'-diiodo-L-thyronine 4'-O-sulfate
E946	row2569	row2569_M+Na[1+]	C15647	2-Acyl-1-(1-alkenyl)-sn-glycero-3-phosphate
E949	row2654;row2809	row2654_M(C13)+H[1+];row2809_M+Na[1+]	C00416	Phosphatidic acid (phospholipids)
E951	row2743;row2751	row2743_M+H[1+];row2751_M(C13)+H[1+]	CE2916	neocasomorphin
E955	row2996;row3006;row3018;row3268	row2996_M[1+];row3006_M+H[1+];row3018_M(C13)+H[1+];row3268_M+Na[1+]	C11174;C11526	1-Diphosinositol pentakisphosphate; D-myo-Inositol, 2,3,4,5,6-pentakis(dihydrogen phosphate) 1-(trihydrogen diphosphate); Diphospho-myo-inositol pentakisphosphate$5-PP-InsP5; 5-Diphosphoinositol pentakisphosphate
E958	row3196	row3196_M+H[1+]	C06197	P1,P3-Bis(5'-adenosyl) triphosphate; ApppA
E962	row3448	row3448_M+H[1+]	C01829	O-(4-Hydroxy-3,5-diidophenyl)-3,5-diiodo-L-tyrosine; L-Thyroxine; 3,5,3'5'-Tetraiodo-L-thyronine; Levothyroxin; T4
E967	row3873	row3873_M+Na[1+]	CE2886;CE2887	3,3',5'-triiodothyroacetate-beta-D-glucuronoside$3,5,3'-triiodothyroacetate-beta-D-glucuronoside
E970	row4043;row4055	row4043_M+H[1+];row4055_M(C13)+H[1+]	C00877;C03460	Crotonoyl-CoA; Crotonyl-CoA; 2-Butenoyl-CoA; trans-But-2-enoyl-CoA; But-2-enoyl-CoA$2-Methylprop-2-enoyl-CoA; Methacrylyl-CoA; Methylacrylyl-CoA
E975	row4147	row4147_M+Na[1+]	CE2879;CE2878	3,5,3'-triiodo-L-thyronine-beta-D-glucuronoside$3,3',5'-triiodo-L-thyronine-beta-D-glucuronoside
E977	row4178	row4178_M+H[1+]	C15670	Heme A
E979	row4190;row6320	row4190_M+H[1+];row6320_M+2H[2+]	C01024	Hydroxymethylbilane
E980	row4211	row4211_M+Na[1+]	C01260	P1,P4-Bis(5'-adenosyl) tetraphosphate; AppppA
E982	row4233	row4233_M+H[1+]	CE4808	4-methyl-pentanoyl-CoA
E983	row4260	row4260_M+H[1+]	C05270	Hexanoyl-CoA
E985	row4359;row4439	row4359_M+H[1+];row4439_M+Na[1+]	CE5875	2-methylglutaconyl-CoA
E988	row4526	row4526_M+Na[1+]	CE4796	3-oxo-(2S)-methylisocapryloyl-CoA
E991	row4630	row4630_M+Na[1+]	CE0693;CE0692	3-oxolaur-6-cis-enoyl-CoA$3-oxolaur-cis-5-enoyl-CoA
E992	row4667	row4667_M+Na[1+]	C16334	3-Oxo-OPC6-CoA
E998	row4963	row4963_M+Na[1+]	CE4881	nitryl chloride
E999	row5310	row5310_M+Na[1+]	CE4881	nitryl chloride
E1003	row4994	row4994_M+Na[1+]	CE2028;C00581;gudac	beta-hydroxy-beta-methylbutyrate$Guanidinoacetate; Guanidinoacetic acid; Glycocyamine; N-Amidinoglycine; Guanidoacetic acid$Guanidinoacetate
E1005	row5006	row5006_M+H[1+]	C00242	Guanine
E1007	row5007	row5007_M+H[1+]	C00242	Guanine
E1009	row5015;row7402	row5015_M+Na[1+];row7402_M+H[1+]	C00064;C05100;C00819	L-Glutamine$3-Ureidoisobutyrate$D-Glutamine; D-2-Aminoglutaramic acid
E1010	row5026	row5026_M+Na[1+]	C01152	N(pi)-Methyl-L-histidine; 1-Methylhistidine; N-pros-Methyl-L-histidine
E1013	row5035	row5035_M+Na[1+]	C02712	N-Acetylmethionine
E1017	row5047;row6244	row5047_M+Na[1+];row6244_M(C13)+H[1+]	C00864	(R)-Pantothenate
E1018	row5056	row5056_M+Na[1+]	C00268;C02953;C04244	6,7-Dihydrobiopterin$7,8-Dihydrobiopterin$6-Lactoyl-5,6,7,8-tetrahydropterin
E1021	row5096	row5096_M+Na[1+]	CE5025	5-S-glutathionyl-dopamine
E1022	row5287	row5287_M+H[1+]	C00246	Butanoic acid; Butanoate; Butyrate; Butyric acid
E1023	row6149	row6149_M+H[1+]	C00246	Butanoic acid; Butanoate; Butyrate; Butyric acid
E1026	row6464;row6735	row6464_M+H[1+];row6735_M+H+Na[2+]	CE5542;C16353	noradrenochrome o-semiquinone$
E1034	row5334	row5334_M+H[1+]	C00090;C00530	Catechol; 1,2-Benzenediol; o-Benzenediol; 1,2-Dihydroxybenzene; Brenzcatechin; Pyrocatechol$p-Benzenediol; Hydroquinone; 1,4-Benzenediol; 1,4-Dihydroxybenzene; Benzene-1,4-diol; Quinol; 4-Hydroxyphenol
E1035	row5335	row5335_M+H[1+]	C00090;C00530	Catechol; 1,2-Benzenediol; o-Benzenediol; 1,2-Dihydroxybenzene; Brenzcatechin; Pyrocatechol$p-Benzenediol; Hydroquinone; 1,4-Benzenediol; 1,4-Dihydroxybenzene; Benzene-1,4-diol; Quinol; 4-Hydroxyphenol
E1036	row7930	row7930_M+H[1+]	CE2615	2-hydroxyamino-3,8-dimethylimidazo[4,5-f]quinoxaline
E1039	row5754	row5754_M+Na[1+]	CE2176	3-O-methyldopa
E1040	row5368	row5368_M+H[1+]	C00153	Nicotinamide
E1041	row7708	row7708_M+H[1+]	C00153	Nicotinamide
E1042	row5417	row5417_M+H[1+]	C06078;C00521;C06099	$(-)-Limonene; (-)-(S)-Limonene; (-)-(4S)-Limonene$(+)-Limonene; (+)-(R)-Limonene; (+)-(4R)-Limonene
E1043	row5418	row5418_M+H[1+]	C06078;C00521;C06099	$(-)-Limonene; (-)-(S)-Limonene; (-)-(4S)-Limonene$(+)-Limonene; (+)-(R)-Limonene; (+)-(4R)-Limonene
E1044	row5440	row5440_M+H[1+]	CE0074	alloxan
E1048	row5476	row5476_M+H[1+]	C02442;C03711	N-Methyltyramine$N-Methylphenylethanolamine
E1049	row5477	row5477_M+H[1+]	C02442;C03711	N-Methyltyramine$N-Methylphenylethanolamine
E1055	row5499	row5499_M+Na[1+]	C02505	2-Phenylacetamide
E1063	row5895	row5895_M+Na[1+]	CE5932;C02075;C06428;CE5013	13,14-epoxy-retinol$Retinyl ester; all-trans-Retinyl ester$(5Z,8Z,11Z,14Z,17Z)-Icosapentaenoic acid; (5Z,8Z,11Z,14Z,17Z)-Eicosapentaenoic acid; Eicosapentaenoic acid; 5,8,11,14,17-Icosapentaenoic acid; (5Z,8Z,11Z,14Z,17Z)-Eicosapentaenoate$
E1066	row7489	row7489_M+Na[1+]	C00219	arachidonic acid
E1073	row5538	row5538_M+Na[1+]	CE1939;CE1940	spermidine monoaldehyde 1$spermidine monoaldehyde 2
E1074	row5540	row5540_M+H[1+]	C00506	L-Cysteate
E1075	row5541	row5541_M+H[1+]	C00506	L-Cysteate
E1077	row5555	row5555_M+H[1+]	CE2152	
E1081	row7302	row7302_M+Na[1+]	CE5947	20-COOH-10,11-dihydro-LTB4
E1087	row5640	row5640_M+H[1+]	CE6205	5-methoxytryptophol
E1088	row5641	row5641_M+H[1+]	CE6205	5-methoxytryptophol
E1092	row5713	row5713_M+Na[1+]	C05584	3-Methoxy-4-hydroxymandelate; Vanillylmandelic acid
E1100	row5848	row5848_M+Na[1+]	C00103;CE3075;C04006;C00275;C05345;C01097;C01094;C03546;C00092;C00085;C00636;C00446;C01172;C01177;C03862	D-Glucose 1-phosphate$sorbitol 3-phosphate$1D-myo-Inositol 3-phosphate$D-Mannose 6-phosphate$beta-D-Fructose 6-phosphate$D-Tagatose 6-phosphate$D-Fructose 1-phosphate$1D-myo-Inositol 4-phosphate$D-Glucose 6-phosphate; Glucose 6-phosphate; Robison ester$D-Fructose 6-phosphate$D-Mannose 1-phosphate$alpha-D-Galactose 1-phosphate$beta-D-glucose 6-phosphate$1D-myo-Inositol 1-phosphate$Dolichyl phosphate D-mannose
E1101	row5812	row5812_M+H[1+]	C00103;CE3075;C04006;C00275;C05345;C01097;C01094;C03546;C00092;C00085;C00636;C00446;C01172;C01177;C03862	D-Glucose 1-phosphate$sorbitol 3-phosphate$1D-myo-Inositol 3-phosphate$D-Mannose 6-phosphate$beta-D-Fructose 6-phosphate$D-Tagatose 6-phosphate$D-Fructose 1-phosphate$1D-myo-Inositol 4-phosphate$D-Glucose 6-phosphate; Glucose 6-phosphate; Robison ester$D-Fructose 6-phosphate$D-Mannose 1-phosphate$alpha-D-Galactose 1-phosphate$beta-D-glucose 6-phosphate$1D-myo-Inositol 1-phosphate$Dolichyl phosphate D-mannose
E1112	row5894;row6298;row6303	row5894_M+H[1+];row6298_M(C13)+H[1+];row6303_M+Na[1+]	C00105;C01368	UMP$3'-UMP; Uridine 3'-monophosphate; Uridine 3'-phosphate
E1113	row5921	row5921_M+H[1+]	C00130	IMP
E1117	row5970	row5970_M+Na[1+]	C16618	6-Thioxanthine 5'-monophosphate
E1120	row5990	row5990_M+H[1+]	C00054;C00361	Adenosine 3',5'-bisphosphate$dGDP
E1122	row5993	row5993_M+Na[1+]	hpdcacrn	heptadecanoyl carnitine
E1124	row6001	row6001_M+Na[1+]	CE5560	glycolithocholate
E1135	row6198	row6198_M+H[1+]	C16565	
E1136	row6200	row6200_M+Na[1+]	C00169	Carbamoyl phosphate
E1137	row6211	row6211_M+H[1+]	C00780	Serotonin
E1140	row6227	row6227_M+H[1+]	C00822;C05604	Dopaquinone$2-Carboxy-2,3-dihydro-5,6-dihydroxyindole; Leucodopachrome
E1141	row6239;row6945	row6239_M+H[1+];row6945_M+HCOONa[1+]	CE5310;CE5322	4(R)-hydroxy-dodec-6Z-enoate$4(S)-hydroxy-dodec-6Z-enoate
E1142	row6240	row6240_M+H[1+]	CE5310;CE5322	4(R)-hydroxy-dodec-6Z-enoate$4(S)-hydroxy-dodec-6Z-enoate
E1144	row6259	row6259_M+Na[1+]	C03740	5-L-Glutamyl-L-alanine
E1145	row6282	row6282_M+H[1+]	C05118;C05119	S-(2-Methylbutanoyl)-dihydrolipoamide$S-(3-Methylbutanoyl)-dihydrolipoamide
E1151	row6309	row6309_M+Na[1+]	C00655	Xanthosine 5'-phosphate
E1152	row6312	row6312_M+H[1+]	C02990	L-Palmitoylcarnitine
E1154	row6327	row6327_M+H[1+]	c226crn	cervonyl carnitine
E1158	row6815	row6815_M+H[1+]	C02670;C00072;glac	D-glucurono-6,3-lactone$L-Ascorbate$D-glucurono-6,3-lactone
E1164	row6430	row6430_M+Na[1+]	C00320	Thiosulfate
E1171	row6464	row6464_M+H[1+]	C05411	
E1177	row7247	row7247_M+H[1+]	C03793	N6,N6,N6-Trimethyl-L-lysine
E1178	row7834	row7834_M+Na[1+]	C03793	N6,N6,N6-Trimethyl-L-lysine
E1179	row6507	row6507_M+Na[1+]	C03793	N6,N6,N6-Trimethyl-L-lysine
E1182	row6521	row6521_M+Na[1+]	C02679	Dodecanoate (n-C12:0)
E1187	row6542	row6542_M+Na[1+]	C01262	beta-Alanyl-N(pi)-methyl-L-histidine; Anserine
E1191	row6584	row6584_M+Na[1+]	C00696;C04853;C06315;C06314;C00584;C04654;C04671;C01312;C02198;C00427	Prostaglandin D2$w-hydroxyl leukotriene B4$Lipoxin B4; LXB4; 5S,14R,15S-Trihydroxy-6E,8Z,10E,12E-eicosatetraenoic acid; (6E,8Z,10E,12E)-(5S,14R,15S)-Trihydroxyicosa-6,8,10,12-tetraenoic acid$Lipoxin A4; LXA4; 5S,6R,15S-Trihydroxy-7E,9E,11Z,13E-eicosatetraenoic acid; (7E,9E,11Z,13E)-(5S,6R,15S)-5,6,15-Trihydroxyicosa-7,9,11,13-tetraenoic acid$Prostaglandin E2$(13E)-11alpha-Hydroxy-9,15-dioxoprost-13-enoate$(5Z)-(15S)-11alpha-Hydroxy-9,15-dioxoprostanoate$Prostaglandin I2; (5Z,13E)-(15S)-6,9alpha-Epoxy-11alpha,15-dihydroxyprosta-5,13-dienoate; Prostacyclin; PGI2; Epoprostenol$Thromboxane A2; (5Z,13E)-(15S)-9alpha,11alpha-Epoxy-15-hydroxythromboxa-5,13-dienoate; (5Z,9alpha,11alpha,13E,15S)-9,11-Epoxy-15-hydroxythromboxa-5,13-dien-1-oic acid$Prostaglandin H2
E1193	row6576	row6576_M+H[1+]	CE5929;CE5931;CE5924;CE6234;CE5828;CE4989	$$$prostaglandin H1$$20-OH-10,11-dihydro-leukotriene B4
E1200	row6611	row6611_M+Na[1+]	C04317	1-Alkyl-2-lyso-sn-glycero-3-phosphocholine
E1201	row6669	row6669_M+H[1+]	C02714	N-Acetylputrescine
E1205	row6699	row6699_M+Na[1+]	C00015	UDP
E1206	row6729	row6729_M+Na[1+]	CE2839	maltodecaose
E1213	row6985	row6985_M+Na[1+]	CE5526;CE5527;C14765	$$13-OxoODE; 13-KODE; (9Z,11E)-13-Oxooctadeca-9,11-dienoic acid
E1214	row6986	row6986_M+Na[1+]	CE5526;CE5527;C14765	$$13-OxoODE; 13-KODE; (9Z,11E)-13-Oxooctadeca-9,11-dienoic acid
E1217	row6825	row6825_M+H[1+]	C00847	4-Pyridoxate; 4-Pyridoxic acid
E1228	row6953	row6953_M+H[1+]	C03406	N-(L-Arginino)succinate; 2-(Nomega-L-Arginino)succinate; L-Argininosuccinate; L-Argininosuccinic acid; L-Arginosuccinic acid
E1232	row6985	row6985_M+H[1+]	C16679;C16677;C16680	all-trans-18-Hydroxyretinoic acid$all-trans-4-Hydroxyretinoic acid$all-trans-5,6-Epoxyretinoic acid; all-trans-5,6-Epoxy-5,6-dihydroretinoic acid
E1233	row6986	row6986_M+H[1+]	C16679;C16677;C16680	all-trans-18-Hydroxyretinoic acid$all-trans-4-Hydroxyretinoic acid$all-trans-5,6-Epoxyretinoic acid; all-trans-5,6-Epoxy-5,6-dihydroretinoic acid
E1235	row6988	row6988_M+H[1+]	C00909	Leukotriene A4
E1236	row7987	row7987_M+H[1+]	C00909	Leukotriene A4
E1239	row6988	row6988_M+Na[1+]	C14762;C14826;C14825	13(S)-HODE; (13S)-Hydroxyoctadecadienoic acid; (9Z, 11E)-(13S)-13-Hydroxyoctadeca-9,11-dienoic acid$12(13)-EpOME; (12R,13S)-(9Z)-12,13-Epoxyoctadecenoic acid$9(10)-EpOME; (9R,10S)-(12Z)-9,10-Epoxyoctadecenoic acid
E1240	row7987	row7987_M+Na[1+]	C14762;C14826;C14825	13(S)-HODE; (13S)-Hydroxyoctadecadienoic acid; (9Z, 11E)-(13S)-13-Hydroxyoctadeca-9,11-dienoic acid$12(13)-EpOME; (12R,13S)-(9Z)-12,13-Epoxyoctadecenoic acid$9(10)-EpOME; (9R,10S)-(12Z)-9,10-Epoxyoctadecenoic acid
E1242	row6997	row6997_M+Na[1+]	C16610	Citalopram propionic acid
E1243	row7003	row7003_M+Na[1+]	C04805;C04742;C14749;C14748;C14778;C14770;C14771;C14769;C14768;CE5016	5-Hydroxyeicosatetraenoate$(15S)-15-Hydroxy-5,8,11-cis-13-trans-eicosatetraenoate; (15S)-15-Hydroxy-5,8,11-cis-13-trans-icosatetraenoate; (5Z,8Z,11Z,13E)-(15S)-15-Hydroxyicosa-5,8,11,13-tetraenoic acid; 15(S)-HETE$19(S)-HETE; (19S)-Hydroxyeicosatetraenoic acid; (19S)-Hydroxyicosatetraenoic acid; (19S)-Hydroxy arachidonic acid$20-Hydroxyeicosatetraenoic acid$16(R)-HETE; (5Z,8Z,11Z,14Z)-(16R)-16-Hydroxyeicosa-5,8,11,14-tetraenoic acid; (5Z,8Z,11Z,14Z)-(16R)-16-Hydroxyicosa-5,8,11,14-tetraenoic acid$11,12-EET$14,15-EET; (5Z,8Z,11Z)-14,15-Epoxyeicosa-5.8.11-trienoic acid; (5Z,8Z,11Z)-14,15-Epoxyicosa-5.8.11-trienoic acid$8,9-EET; (5Z,11Z,14Z)-8,9-Epoxyeicosa-5,11,14-trienoic acid; (5Z,11Z,14Z)-8,9-Epoxyicosa-5,11,14-trienoic acid$5,6-EET; (8Z,11Z,14Z)-5,6-Epoxyeicosa-8,11,14-trienoic acid; (8Z,11Z,14Z)-5,6-Epoxyicosa-8,11,14-trienoic acid$13,14-dihydroxy-retinol
E1245	row7013	row7013_M+H[1+]	C04707;C06439	(5Z,13E)-11alpha-Hydroxy-9,15-dioxoprost-13-enoate; (5Z)-(15S)-11alpha-Hydroxy-9,15-dioxoprosta-13-enoate$Prostaglandin E3
E1246	row7028	row7028_M+Na[1+]	C04707;C06439	(5Z,13E)-11alpha-Hydroxy-9,15-dioxoprost-13-enoate; (5Z)-(15S)-11alpha-Hydroxy-9,15-dioxoprosta-13-enoate$Prostaglandin E3
E1247	row7026	row7026_M+H[1+]	ttdcrn	tetradecanoyl carnitine
E1249	row7038	row7038_M+H[1+]	C16620	6-Methylthioguanosine monophosphate
E1257	row7188	row7188_M+Na[1+]	C02052;C01613	Maltotetraose$Stachyose
E1260	row7218	row7218_M+Na[1+]	C00441;C03508	L-Aspartate 4-semialdehyde; Aspartate beta-semialdehyde; L-Aspartic 4-semialdehyde$L-2-Amino-3-oxobutanoic acid; L-2-Amino-3-oxobutanoate; L-2-Amino-acetoacetate; (S)-2-Amino-3-oxobutanoic acid
E1263	row7221	row7221_M+Na[1+]	C00957	Mercaptopyruvate
E1264	row7246;row7825	row7246_M+H[1+];row7825_M(C13)+H[1+]	C01029;C00612	$N1-Acetylspermidine
E1265	row7248	row7248_M+Na[1+]	CE2576	
E1267	row7262	row7262_M+Na[1+]	C02470	Xanthurenic acid
E1268	row7262	row7262_M+H[1+]	C03287	L-Glutamyl 5-phosphate; L-Glutamate 5-phosphate
E1271	row7358	row7358_M+H[1+]	C00725;C04593	Lipoate; Lipoic acid; alpha-Lipoic acid; Thioctic acid$(2S,3R)-3-Hydroxybutane-1,2,3-tricarboxylate; Methylisocitrate; Methylisocitric acid
E1277	row7451	row7451_M+Na[1+]	CE2934	o-methylhippurate
E1283	row7497	row7497_M+Na[1+]	C01225	sn-glycero-3-Phospho-1-inositol; 1-(sn-glycero-3-Phospho)-1D-myo-inositol
E1285	row7518;row7524	row7518_M+Na[1+];row7524_M+HCOONa[1+]	CE4980	Prostaglandin PGE2 glyceryl ester
E1294	row7647	row7647_M+H[1+]	CE2751	dynorphin A (1-5)
E1296	row7687	row7687_M+H[1+]	C00239	dCMP
E1297	row7689	row7689_M+H[1+]	C12144	Phytosphingosine; 4-D-Hydroxysphinganine
E1298	row7691	row7691_M+H[1+]	C16634	5-Fluorouridine monophosphate
E1302	row7744	row7744_M+H[1+]	C05638	5-Hydroxykynurenamine
E1303	row7830	row7830_M+Na[1+]	C05638	5-Hydroxykynurenamine
E1305	row7784	row7784_M+Na[1+]	C00422	triacylglycerol
E1317	row7894	row7894_M+H[1+]	hdd2crn;hdcecrn	trans-Hexadec-2-enoyl carnitine$Hexadecenoyl carnitine
E1318	row7896	row7896_M+H[1+]	elaidcrn;vacccrn;odecrn	Elaidic carnitine$Vaccenyl carnitine$octadecenoyl carnitine
E1325	row7969	row7969_M+H[1+]	C05462;C05466	Chenodeoxyglycocholate$
E1326	row7975	row7975_M+H[1+]	C00294	Inosine
